,Housing Predictions
0,516181.45406684023
1,516181.45406684023
2,408966.0234902309
3,312927.7523359623
4,523155.26301077905
5,614781.5914716178
6,272478.7171577661
7,306594.617572405
8,424148.3258906364
9,294174.3936303347
10,712205.3534928594
11,494992.13105585525
12,493303.5755209187
13,311559.7349439885
14,357730.7463572532
15,764599.881596523
16,757537.3659711396
17,579510.591414391
18,545690.1229717949
19,201743.17658800614
20,552438.5467364449
21,553316.5052016873
22,1308609.786709837
23,266451.7958816681
24,246146.51103086473
25,250322.569665416
26,603877.8766119714
27,454371.6489166953
28,434788.245275499
29,525376.2606252591
30,540906.2147586858
31,525748.5878151817
32,381442.7866954143
33,1637482.5414825366
34,851013.6257653857
35,187671.1941636911
36,583161.3206654504
37,1046328.1286747252
38,227229.33915707932
39,293415.7648639782
40,497424.90705478936
41,384924.3254690858
42,409943.68943819765
43,445898.25183567504
44,573133.9639016507
45,837325.8612633502
46,529095.1145514664
47,715037.8018723988
48,485104.86532064294
49,252564.45603574943
50,1105956.7149826623
51,605673.5044717503
52,241727.0136036314
53,682236.7063968218
54,396265.6846231724
55,380981.09161619603
56,928053.5723452723
57,186808.84467258162
58,524313.0514076364
59,606021.2637619136
60,493020.24669919966
61,397042.9622769978
62,837257.0034377401
63,417297.6495815013
64,408635.8575629991
65,933331.1894770631
66,451141.6310409143
67,433779.40434698126
68,732806.6664064099
69,815741.1930152096
70,491132.70908203337
71,717792.6135251352
72,214863.74839771967
73,426845.8624945635
74,795251.1392680398
75,770053.8182394063
76,231282.7323523891
77,259875.82505215815
78,418103.5276427476
79,375867.3130991712
80,732066.515814937
81,497458.4906415111
82,694879.9856089967
83,1048613.3343132332
84,400640.55252494616
85,531512.1834442038
86,505037.68689421995
87,171601.95007827648
88,498964.5839546096
89,318627.1742766929
90,421775.2639705614
91,421775.2639705614
92,492159.59783410677
93,383642.2062693009
94,818251.7255722405
95,523676.2846938548
96,355237.72026749904
97,375390.32255770714
98,490199.8437836547
99,396437.1979228673
100,738742.4908371404
101,187714.94844306362
102,383641.4840180658
103,185880.31513542443
104,336821.57780928584
105,672783.5032231068
106,579704.5836448957
107,254726.7458274166
108,222777.3726694098
109,652071.5928740194
110,2063791.4967903395
111,751972.1530711651
112,253039.17045631685
113,370303.9909565218
114,406508.4207444655
115,550028.5734346666
116,1772015.3231470843
117,563295.8840797504
118,181486.58394145526
119,392169.39377405785
120,808039.7046256798
121,1791858.7895383376
122,656439.0357256657
123,738880.4125715478
124,330184.2705015515
125,262633.90649349726
126,579255.8997996167
127,303575.06650620553
128,196228.629029626
129,428766.6495834492
130,173090.40771102568
131,290581.46790995967
132,669070.1489887085
133,244911.36726634513
134,561954.1085481368
135,707472.4863504309
136,388646.30731511535
137,302526.7687350418
138,385039.5881796975
139,335132.32961512235
140,457761.7656822442
141,227077.3244193175
142,365217.4304265997
143,731836.9309022008
144,426027.44254119904
145,222251.18574424306
146,511346.6171801857
147,306943.55018847575
148,263105.54950252123
149,332423.1801160979
150,468743.422395994
151,560745.5420953289
152,601139.6178175502
153,1031912.5856776615
154,612673.615921166
155,502643.07338074915
156,531390.6879986655
157,250074.24702503873
158,596915.016634017
159,689940.9228592637
160,301551.80152553524
161,274899.6997572063
162,662683.2869562467
163,386395.46615281026
164,481797.6364297872
165,475493.49338510755
166,336792.5457189078
167,325814.23072599835
168,1874779.6062527555
169,186310.03565008883
170,415869.64930282795
171,547954.1245676313
172,474816.15447258024
173,469420.0152020514
174,730627.4001272412
175,467828.9229903844
176,304734.62944857194
177,258158.22386849014
178,256571.18580965482
179,1810355.3251073228
180,1046874.5336867799
181,945152.1352284214
182,619352.7504946517
183,833151.0460089379
184,601719.1575409725
185,437430.44940164057
186,261389.1929748771
187,615918.4141265823
188,312378.1812508062
189,340395.0362941952
190,473569.6274684851
191,301847.6033584516
192,301847.6033584516
193,321635.7538786517
194,382480.00916536065
195,479732.0042940677
196,668319.8648780148
197,500339.27050742606
198,308510.781887396
199,302129.6353742964
200,383926.9772972935
201,422083.8238624853
202,849577.8341215205
203,868762.2091719446
204,266585.8967024786
205,246795.22625404515
206,425950.8118994426
207,806208.2229911588
208,253479.09355068678
209,222912.44582247344
210,513302.7220007134
211,473865.2343666317
212,226792.15391955306
213,240231.31759268517
214,709069.6519479955
215,236401.31006420957
216,607448.653113769
217,1094055.1656813137
218,331026.826100734
219,288727.60477731953
220,667009.8925875168
221,411462.2987471447
222,961993.3338354697
223,627552.4330329398
224,364669.66504742077
225,744991.5448552342
226,375822.0437837925
227,212253.84340380624
228,609309.6002260922
229,565851.777817345
230,968054.9455862644
231,695781.603358609
232,195248.13334145705
233,344367.01579556946
234,488982.4242640947
235,585275.0968873996
236,597368.951865203
237,219824.90222565574
238,379590.14421653753
239,790076.9779125745
240,246005.58027223794
241,610687.1342193144
242,232083.92467966632
243,350232.51098465384
244,358019.16168780625
245,189608.9249166193
246,482002.8338333027
247,626536.0424442276
248,522850.3746251377
249,451074.5700749029
250,821671.9794898666
251,302969.0337231967
252,343334.5465763012
253,388577.5231229031
254,486498.89349204104
255,443202.7308618583
256,415479.6386565472
257,474771.9083278304
258,348212.37359020807
259,422998.0051870917
260,866266.8198962503
261,562086.1206298592
262,552162.4659599453
263,271326.51190872246
264,379319.95961743634
265,380436.6852354186
266,303594.09756851656
267,2301815.929129557
268,312182.2441478
269,1014025.1367828164
270,974910.331744687
271,183434.0806930173
272,711813.7404105099
273,661322.6469559849
274,502788.5026821267
275,1273048.6657257504
276,303282.8568187993
277,341507.35048920877
278,782175.3714278898
279,938004.3840273753
280,281073.0690484954
281,282838.36322170944
282,271132.0690945049
283,617588.2579641634
284,765064.1015700604
285,335314.70737363375
286,413116.03413983155
287,417484.3691485804
288,444172.2263212394
289,188664.6662014245
290,188664.6662014245
291,700979.262226691
292,227892.64387127798
293,429220.42966645915
294,826247.6317204933
295,695372.5747050161
296,379948.0365373721
297,959145.6227349683
298,532492.6090483459
299,517083.59607137117
300,381060.51638511
301,361037.4427097766
302,756456.4151374088
303,899749.1916206351
304,392970.6397715631
305,1143991.9591200629
306,572750.1228957571
307,238821.45494614198
308,235311.11353387192
309,1344607.849488737
310,774558.5206336625
311,163877.7555549211
312,163877.7555549211
313,163877.7555549211
314,184515.86744883953
315,534018.2518787336
316,377333.11578599364
317,923531.3648972595
318,435070.129235378
319,228681.8659495684
320,296657.96319864463
321,556948.1302914666
322,224323.8976787097
323,221099.7863940988
324,268468.2409723142
325,423049.90416429826
326,242487.03060608864
327,447085.0124668313
328,487302.63858750835
329,302968.9925694584
330,406987.22239592014
331,657562.8596159162
332,187811.00497931597
333,342550.1086094659
334,556507.1121468341
335,1019031.2148491634
336,412487.11975444556
337,241888.38104221702
338,1047426.1059177426
339,626605.031417066
340,263904.01394351607
341,892228.1760569328
342,583666.064935372
343,412425.54047078115
344,315138.3109186054
345,373347.0421853322
346,431377.98600279255
347,832989.4556631187
348,363026.4260829876
349,736021.6396039266
350,475223.69188417535
351,519989.9563765654
352,575534.1762851814
353,292326.98116297467
354,234785.9272001052
355,608770.6914599417
356,1216725.6251409377
357,870834.0740403295
358,924213.3911392452
359,523956.10330965
360,225595.97453903395
361,416682.9759854429
362,553090.142145761
363,497880.4659067225
364,694501.3412003996
365,594390.1852366999
366,839431.0646219535
367,278986.2607364095
368,264776.46132567414
369,760724.1974198909
370,275388.6776870593
371,354838.2236400852
372,443495.5623646849
373,243092.81452184165
374,957062.4519772243
375,833691.0832313711
376,607911.3739871202
377,518347.5972150166
378,433912.53466398607
379,616734.8832637264
380,472642.517688848
381,563246.7619256224
382,229490.72600848635
383,482625.9799821761
384,337656.6150642735
385,491453.94628105115
386,712517.1067151625
387,775152.9765167948
388,1415002.5159985758
389,380273.8776672146
390,934840.648374582
391,613765.2088366306
392,572457.613718129
393,303716.02426068136
394,310578.14996769064
395,718245.614377221
396,444447.72319391515
397,669048.8530620938
398,791386.0405411405
399,974109.2433146675
400,323221.32186545996
401,617929.8417318565
402,300185.04200184334
403,272622.53214625956
404,303320.3321398565
405,688028.3568582061
406,428843.7239271226
407,326021.66704486066
408,436672.1809997793
409,356069.2102037945
410,366536.96944150474
411,385030.88274860947
412,689158.852080324
413,287438.1748380392
414,522636.44954216754
415,182291.12137696194
416,665922.5187544117
417,323220.53728228895
418,846324.7194055843
419,381915.5133157434
420,787656.4588435664
421,485675.98448026855
422,715924.5981918742
423,240533.27934797053
424,438231.582687366
425,409275.97261644766
426,200240.87487577196
427,362458.6768430055
428,430324.1613703576
429,515888.04041953944
430,788256.0246054597
431,239446.7395297426
432,813851.718577224
433,462794.8318547589
434,507032.9440192757
435,443142.85212366306
436,849190.7060058672
437,447401.7822732386
438,454950.9879032569
439,588621.5705431524
440,460694.7642011148
441,591832.6566519322
442,458408.41793827614
443,824719.6874543396
444,351023.4586380271
445,261949.9941036962
446,394166.85251740675
447,400615.87452667137
448,361719.8751141049
449,364501.252159743
450,911796.0809691573
451,703889.6171353634
452,638407.7428669037
453,706598.2883415057
454,282953.5039004093
455,493383.3904570182
456,289796.9388798487
457,557813.3306672921
458,361955.0341607272
459,411905.8712053027
460,188220.4165386219
461,692296.8109555723
462,185379.92680422933
463,418387.04262119794
464,564435.4835712645
465,1593108.473320941
466,427128.5163693001
467,299263.2701246678
468,334739.4151590803
469,441930.56191563455
470,360324.1269283471
471,216098.00753022564
472,537712.2581982492
473,537712.2581982492
474,369577.1232161746
475,524949.5641698951
476,1862486.7204366354
477,312119.48905953113
478,554654.8639556435
479,792204.8851108039
480,223452.06660388847
481,349391.3351152858
482,485099.1555267279
483,584424.8596587043
484,536229.5699924307
485,815233.6718243874
486,279439.1660647664
487,954749.0811550625
488,762841.754008043
489,772625.6597528124
490,518810.3820649486
491,198810.96318850602
492,362195.7846463952
493,258560.05193236796
494,570611.7131088481
495,626808.6132043082
496,799326.5419162748
497,325869.57211991306
498,378962.4974186807
499,283455.2165995257
500,778539.8784216237
501,355295.50683733233
502,400773.5126439839
503,505110.6992354686
504,503616.23308327544
505,322562.83212620567
506,318379.48914088187
507,337893.3773445125
508,281805.27275178843
509,370883.3943023448
510,410200.9631343959
511,477575.00784217194
512,577477.6039942548
513,513505.3975305849
514,316631.6752562416
515,492958.3065053211
516,279171.5449331885
517,450425.7837665123
518,547213.7921956651
519,275846.3944852904
520,203016.1283313966
521,525926.4329052825
522,718236.8821625301
523,307415.2076149087
524,983603.5378838124
525,620744.6444285267
526,553292.2249350107
527,507507.4387184038
528,211141.91308234722
529,257159.42659707888
530,724520.0379988551
531,508839.1765225521
532,578840.5450805213
533,342671.57424573204
534,387609.8827972882
535,232001.0312666416
536,941956.2868981687
537,722602.6086335898
538,510286.00138372113
539,314670.0697139273
540,539955.3327202945
541,543973.2350347614
542,514985.1195168156
543,640889.1091081349
544,465384.8246887345
545,286944.65934951446
546,551215.7859529121
547,1764438.1366645477
548,293263.6304673631
549,200261.66542329095
550,187440.33065754338
551,379859.9346152224
552,286661.31813555176
553,768861.7462308625
554,190215.4100026225
555,720521.0812850879
556,226363.72617260672
557,473395.22800602944
558,447021.6557499502
559,691171.120560545
560,460250.27503828617
561,460250.27503828617
562,392966.00961350865
563,861018.818543837
564,603928.1697890473
565,531043.3308866736
566,297749.44275858445
567,730443.4001922302
568,571959.7388800642
569,457014.6322001898
570,415325.51042941253
571,294378.2405378854
572,580169.5342630274
573,401589.3822100743
574,423987.39959327155
575,757907.9222905043
576,310875.98362709413
577,260639.37245970845
578,330567.41652231914
579,312580.6038666057
580,368850.3278773023
581,856482.65943379
582,275568.7332702766
583,330617.94169471314
584,543176.362537574
585,501497.98734648747
586,273457.9896128114
587,561017.3772724052
588,698682.3290520608
589,344396.41546192364
590,392957.5609948832
591,524306.5191615252
592,398314.64890077146
593,308292.92530649726
594,701112.3194828747
595,224052.30278758772
596,238603.10008756793
597,665467.9397367607
598,553301.2446631548
599,446385.4976962433
600,614521.0087935313
601,236381.07045106182
602,424625.63660410844
603,684749.5537401378
604,1022979.9165369814
605,334884.41667287424
606,1026101.8140488608
607,341437.29636771936
608,3339302.7107500248
609,622765.242817011
610,230916.92762121133
611,1353946.4485259156
612,732825.4752913429
613,1108489.2806238995
614,500384.77908281557
615,233605.91583824996
616,309400.66695010307
617,401723.67907409713
618,419577.9137687135
619,515878.264476681
620,415584.38070948457
621,361158.25707060035
622,267347.23070784216
623,338683.8993322929
624,267335.97396219947
625,745403.2848115592
626,474600.45169643755
627,258309.35964322553
628,1078351.167839367
629,403163.8647830457
630,473506.9004951921
631,220874.4755552644
632,610770.241609234
633,530973.937466021
634,535243.2440137538
635,276052.64628500014
636,285912.1461850218
637,436290.15049629525
638,383237.29624399083
639,1076580.400240419
640,491614.4851362669
641,691790.9120451665
642,227318.5149472493
643,245313.82068649546
644,666870.1835084236
645,401097.0616814329
646,333433.4496470047
647,1092558.1379490583
648,446156.27370255283
649,547907.0213001857
650,1009436.2879284889
651,574166.0294391713
652,271494.200424371
653,749280.7792405688
654,316229.9032605365
655,222355.4187598018
656,334841.22998746217
657,532819.1095147261
658,870610.6909836045
659,282245.8095782125
660,458121.1466266865
661,725866.974057765
662,455577.9148088089
663,337712.5284892217
664,572698.2199127645
665,954184.2198710555
666,500744.3095928637
667,795299.7085907351
668,201897.8000734984
669,1098285.2171862237
670,269430.4537817504
671,849036.4411637393
672,481067.22198179614
673,205708.6235353899
674,350680.60350520985
675,330393.5615146873
676,546771.4067501203
677,311949.95896181196
678,400037.13157786784
679,555806.5599593247
680,419794.872552656
681,385912.1094373111
682,434939.08453786175
683,262709.7424407365
684,502809.87494262465
685,366908.36790561426
686,269947.66259009764
687,564803.7782766069
688,513554.13475528546
689,1996255.5086540675
690,401023.511346736
691,425335.0570357413
692,315208.112669609
693,309836.6978167077
694,422493.42176598066
695,315222.02637042274
696,362311.1807406166
697,327867.9691100578
698,581535.8367386927
699,440951.19480273797
700,310078.79905297124
701,379585.55909589346
702,372587.11336286995
703,446745.3309323799
704,2086113.2065923195
705,225227.68247151986
706,555969.8683202523
707,240544.47337769627
708,522650.2232459718
709,244421.50642566322
710,499808.7084897651
711,833489.3726444601
712,460792.6677066648
713,921118.025006633
714,1159112.905907368
715,235833.10179191505
716,609763.2789511693
717,252198.20030861354
718,299947.7814440592
719,589886.4676607124
720,612445.0634274797
721,562543.3818473606
722,320261.1531759981
723,320021.492138734
724,672690.2831591613
725,418218.5560086819
726,429966.3592314477
727,328040.14563339524
728,287054.88299855636
729,263412.45681486157
730,640583.6503148474
731,589939.1697696723
732,876039.8098055827
733,707636.7916328305
734,608241.7959563807
735,530086.5711819406
736,423524.2745976161
737,282823.20582076244
738,476958.4927907051
739,431201.12917992944
740,578619.0656569334
741,186394.60299190663
742,590689.1334950849
743,611875.8727844099
744,316170.2972310478
745,343549.3789139779
746,517363.7072088305
747,318844.28621552873
748,347046.4750770387
749,379634.30209927994
750,632219.3664367541
751,297085.0698797048
752,329386.00204599265
753,253471.6051640926
754,433392.15732179413
755,324931.9515851527
756,272246.2289633191
757,473033.30563448055
758,250238.33023345858
759,709105.1136163143
760,341030.95258187637
761,173983.1277953223
762,601215.802491774
763,397350.37745730707
764,498846.79279841273
765,894056.2587273093
766,1068868.7891501037
767,244171.46084145142
768,219045.9772494176
769,650432.9097905606
770,503750.1302272035
771,450462.5429481077
772,288430.96333443647
773,232109.43803395162
774,281923.9733427516
775,675156.4358727406
776,506504.596733091
777,351665.1869326234
778,1424068.9710116426
779,437616.2174221307
780,942139.7558139542
781,763141.612151752
782,924497.6365174314
783,266513.23401893757
784,1314658.070731306
785,413420.545004402
786,371607.9520875189
787,339408.6420769839
788,772375.4577330436
789,500495.7209306101
790,236836.41624041446
791,563394.0227184405
792,775613.1396324841
793,191965.0263166787
794,433525.05636537605
795,718201.4150570973
796,749615.076299071
797,413079.9034568384
798,332121.95809436706
799,289002.69355639414
800,459152.69014963426
801,175697.31753150708
802,484646.138812554
803,384412.5198023011
804,632792.1682888061
805,253530.31374640923
806,554875.2833424038
807,907089.5673687083
808,216171.7081706761
809,613331.9861962656
810,2090378.5512019615
811,274097.1139177816
812,648086.9447165306
813,368009.61701897194
814,557384.3525778636
815,191237.85258108997
816,363552.53981016215
817,277235.2591281121
818,753176.4401488223
819,244342.55585534824
820,970063.3199610133
821,235036.64984200045
822,288565.1272489934
823,563000.6605910662
824,508454.58802307415
825,357375.990278669
826,573402.7086044872
827,584541.1626125682
828,595020.9256378228
829,1132299.483996656
830,542896.0268633389
831,568016.3454659958
832,234222.79231406536
833,252391.78007482502
834,299724.95558307826
835,279470.6569881126
836,531616.1609475532
837,437682.43730297685
838,337421.92414104036
839,671165.3927595278
840,417527.1698982593
841,528578.1912553797
842,816075.0977838993
843,429998.48881333997
844,513633.9375760382
845,523667.25541980367
846,449736.251671255
847,819491.2303572871
848,637702.5933629082
849,445050.8909106033
850,302295.23459991615
851,484918.61464347894
852,485837.34611359716
853,637087.3751728709
854,408191.1373056367
855,2834725.742204852
856,361394.05845890497
857,389732.0740748616
858,596660.230874105
859,380013.75485998887
860,435352.2054622902
861,797077.8989950534
862,374064.5517310777
863,841929.4983217702
864,325037.9298219385
865,408004.5740057162
866,377379.36694757285
867,661024.6721109736
868,320182.77750098007
869,342155.26497730095
870,625429.411211022
871,410679.08008556877
872,712870.2500104776
873,382431.0170936272
874,267209.82662055606
875,276240.0747322557
876,399006.58117572375
877,254743.16927069158
878,683942.3309673758
879,422507.27800169826
880,387154.1859087234
881,188637.34234113825
882,437092.7867563018
883,450631.98856229585
884,604486.0500593643
885,248705.95039044466
886,653007.4828352841
887,417057.1170417626
888,588318.7699465594
889,538909.2526709094
890,270336.50236803334
891,706666.5030890892
892,1212111.2388854579
893,392497.93508288485
894,1008339.8808019743
895,362871.7968640746
896,202039.97731427196
897,723348.4185568985
898,708052.6143323205
899,372782.18965252914
900,235760.50688480405
901,419436.7681833184
902,502272.5375745776
903,407462.386391656
904,589026.3276185677
905,1128140.1244255956
906,325682.3509460406
907,471796.1099708432
908,2941312.3710650923
909,1235918.2168192097
910,447906.6548215274
911,1014917.1256491402
912,296982.1244917578
913,709885.9712070752
914,325310.3186702033
915,2004529.7566371558
916,646053.046259647
917,2171317.8980213376
918,1228658.305907264
919,267978.3229083799
920,418476.8785615805
921,368689.4393581845
922,434682.8287735264
923,274117.333417064
924,383195.6746645157
925,614041.2338942656
926,395118.14885805704
927,375875.7624472796
928,281428.27064941864
929,261822.9847287898
930,268742.1783819068
931,674542.4647907986
932,581261.663510402
933,423125.1083724926
934,485265.7949429737
935,1107820.1522490932
936,454554.3347347139
937,216898.69609457118
938,479750.2018873653
939,246836.23268282146
940,255359.35998486012
941,523760.7084945433
942,407608.1166462411
943,407608.1166462411
944,360653.59318793815
945,383488.35322526365
946,553566.2012950532
947,701219.8670312458
948,551680.1158676451
949,673207.3928832811
950,560505.8870966267
951,406016.21007630054
952,494191.0254285034
953,318429.8522962121
954,420878.22012747783
955,356271.8840438579
956,269279.49121191807
957,693672.4993564851
958,393572.0526139211
959,460662.400350088
960,326636.74988291564
961,581183.1642820764
962,394951.7840978324
963,338078.46315689204
964,365963.905324216
965,1013431.2524971663
966,641276.2605332267
967,273592.0101263693
968,486416.74296899076
969,630404.6883307211
970,607058.2312097468
971,228206.65856234223
972,430653.9238854415
973,423638.67140700464
974,208291.3848622591
975,1691385.6659540213
976,386056.9689162236
977,264392.69917739736
978,470936.0273240287
979,176120.2780344433
980,204007.74010503475
981,910843.5946398237
982,876724.5326657502
983,429218.6678284377
984,629437.0090906528
985,388563.59906160296
986,572822.3031762603
987,301414.85097540414
988,449211.0065545426
989,637216.2161401093
990,1083526.4070569715
991,327685.21030140837
992,550605.8340883085
993,247465.3585834295
994,432545.3574241612
995,600446.5948205306
996,1530014.9122545286
997,609109.7647346912
998,387464.4388177623
999,331900.3419489
1000,897896.3319110972
1001,437998.6069599629
1002,330939.9557711346
1003,540443.8840248048
1004,380123.34488934325
1005,183612.22801928443
1006,526719.7261460355
1007,465473.66412797297
1008,573827.6680137436
1009,770415.7414483202
1010,475416.141700147
1011,3867542.7926855017
1012,267968.00115068746
1013,1112456.585651607
1014,408482.4282293118
1015,455759.43081706006
1016,563774.3513421814
1017,338499.7930228922
1018,511154.3441445432
1019,507619.37655756244
1020,508856.5921470459
1021,467753.8586638593
1022,781533.5256811918
1023,446658.0757743686
1024,365954.6371026477
1025,724287.7583152615
1026,661969.2722719708
1027,520646.19981789635
1028,738827.0889956093
1029,398725.25465897034
1030,236918.4352943081
1031,658125.2455234705
1032,196680.0856148692
1033,748214.5156291069
1034,243311.93387838593
1035,293758.8316742883
1036,867299.7524504216
1037,2448787.3211594718
1038,284093.7019165895
1039,600769.4694304784
1040,508833.54747485224
1041,446692.43671782495
1042,440621.10898500035
1043,527046.2106279291
1044,560604.8727522056
1045,279985.966500788
1046,752166.805103862
1047,259555.61678316208
1048,375752.3454136942
1049,421234.72881224786
1050,557710.372008133
1051,470000.80143813055
1052,374708.15011288755
1053,279133.56944209954
1054,239101.65767554022
1055,597763.3203397603
1056,321022.1813445779
1057,317325.5034283523
1058,501439.2236481989
1059,775037.8117042868
1060,272550.99234056805
1061,270730.8310179259
1062,301514.2416807552
1063,505091.86782663566
1064,521748.7437888808
1065,313260.49528068944
1066,784698.9632280496
1067,579827.5890174856
1068,289561.58436305774
1069,379071.5014425441
1070,240497.47757724533
1071,534405.4056355171
1072,581005.0577046433
1073,241224.01554325927
1074,479211.615578797
1075,1924849.308612235
1076,939132.4508550807
1077,490351.83128874877
1078,451001.40465521987
1079,354247.9152727764
1080,310775.65227449144
1081,430676.41592906683
1082,609506.5962709998
1083,254115.11441729683
1084,1042460.4558900183
1085,245151.75367281266
1086,353442.5306341332
1087,760714.7559944724
1088,282686.7474476676
1089,208417.80543488555
1090,414470.22795965
1091,997645.9532033572
1092,425031.6940706758
1093,683138.9259194476
1094,345341.0779584566
1095,414578.8179606271
1096,689956.3435617234
1097,521632.5930549166
1098,607090.967481855
1099,623524.5603798607
1100,224029.15336465524
1101,928925.2634106985
1102,837452.9588733073
1103,322998.99101150327
1104,671520.6961148968
1105,316275.3875700146
1106,235095.4628495586
1107,247721.6054425697
1108,321909.3419046382
1109,926925.0424590268
1110,506473.8491503388
1111,725389.754184196
1112,224884.45036778963
1113,604236.5657276767
1114,688309.4048936762
1115,291071.5077769408
1116,693689.5825105788
1117,855094.0027993645
1118,2345133.3618921423
1119,494459.2837611795
1120,592866.6790471721
1121,1220726.1836265656
1122,375651.20756573795
1123,888188.195093169
1124,910019.4036654325
1125,408211.4431071228
1126,258115.1903163392
1127,601419.9233346352
1128,272886.9586175607
1129,380973.6289074644
1130,274200.31962284097
1131,199717.26203829315
1132,568665.148589078
1133,243816.3004920763
1134,398300.0069951447
1135,763033.5344995698
1136,1835966.2717848485
1137,591485.3644336001
1138,267827.4104514591
1139,382515.0550504606
1140,488685.1978361178
1141,1623022.9046075689
1142,247014.99345231478
1143,731633.4940632291
1144,589181.7048766605
1145,243686.99062824657
1146,782557.3018749615
1147,533088.1692076066
1148,463318.75743912347
1149,350165.39153726056
1150,352415.61761691945
1151,645154.5265248414
1152,927082.1407168034
1153,387101.36584271205
1154,350822.65309428755
1155,266843.1703523355
1156,558963.5511153342
1157,338211.852123279
1158,373191.13705224614
1159,336696.5443038358
1160,783882.9473663188
1161,344432.2939129021
1162,224071.01959310818
1163,953666.8266339888
1164,1970508.1379186348
1165,269407.411672796
1166,505400.9509585691
1167,560786.7001259887
1168,339292.06799404335
1169,1136390.1525342604
1170,895691.5990114269
1171,237876.92748461498
1172,431082.4083138943
1173,187149.51515974497
1174,589188.791276969
1175,275175.81192815915
1176,329476.9432614762
1177,196321.69106207532
1178,310482.5834432086
1179,223837.44419637168
1180,719665.8441259736
1181,263211.23582727934
1182,607407.7475072468
1183,538180.2679651437
1184,542962.5965440435
1185,350475.21324004146
1186,5151546.66149686
1187,222751.53803921348
1188,381830.9828430505
1189,385932.4033494501
1190,162009.72389313488
1191,2525767.560789268
1192,516359.89843335364
1193,289586.86962243274
1194,701268.711475053
1195,312203.05474795226
1196,437793.3211848615
1197,533964.4288693215
1198,423477.96848668647
1199,590376.264351172
1200,587556.7119170825
1201,561684.3786119652
1202,556781.9360269968
1203,655671.2366161406
1204,765625.6231163688
1205,349697.70791025326
1206,311388.8325839789
1207,186765.23995020895
1208,632645.1772703443
1209,339886.49820804916
1210,499671.1582368559
1211,442167.4579871361
1212,420686.0122973009
1213,406894.5416339509
1214,674776.3244082823
1215,296267.2029317763
1216,522380.7302830454
1217,211481.0104946194
1218,718624.4742971729
1219,412134.734878904
1220,1409720.8222621616
1221,775634.5334031596
1222,297985.0229046953
1223,263743.4801602755
1224,495038.5776706406
1225,778782.9220793998
1226,503602.578645169
1227,332485.34986781783
1228,878791.9403003523
1229,727516.4795932687
1230,567043.7247991769
1231,301137.2473132547
1232,568803.4253082674
1233,366037.1837592071
1234,622424.5771515178
1235,499295.52860359877
1236,265696.58802480187
1237,201446.22694761714
1238,1085676.9544180464
1239,421615.3877841685
1240,346105.3295009733
1241,379957.92052887223
1242,546960.3561333376
1243,507187.66452787607
1244,1236498.546823888
1245,608539.2792477624
1246,248568.30591534908
1247,454627.5694989444
1248,466352.94517897174
1249,439115.2640749619
1250,487924.9125960552
1251,629521.3704079399
1252,952156.3059264539
1253,484212.58126525383
1254,288740.9899834811
1255,299463.2363572416
1256,495513.5047860567
1257,742717.8209394688
1258,215344.1607377061
1259,548607.8829180354
1260,536016.9476823724
1261,757904.2035840178
1262,267444.50882918463
1263,760365.143000768
1264,1014619.8321849941
1265,3515542.45512281
1266,565991.9002015272
1267,240141.41409332113
1268,434222.83932585793
1269,483583.16503668454
1270,430060.52799324703
1271,516907.7760346359
1272,720881.6568467857
1273,209586.75923714205
1274,209586.75923714205
1275,212332.6980610075
1276,566292.710294832
1277,714448.5299604215
1278,369590.13571337785
1279,711640.0995669226
1280,194108.29103876214
1281,267265.12437567045
1282,651618.930139388
1283,398265.2604395766
1284,837598.5086533553
1285,328988.85117651266
1286,348807.7423016997
1287,297866.17439448665
1288,211638.89072396886
1289,420484.38221303956
1290,403481.0639458754
1291,420245.2168634458
1292,496572.00700510683
1293,249141.0601898774
1294,555451.5104421983
1295,265439.4220623154
1296,226063.34032261695
1297,925244.150615597
1298,656480.1430136824
1299,247663.89801284348
1300,472895.8246380784
1301,590768.6471961479
1302,482074.92286462255
1303,2128402.094382832
1304,191626.67880348547
1305,600861.0012009236
1306,335481.7222922254
1307,375884.2186019069
1308,580582.5275387644
1309,196097.77774456632
1310,478688.39657027397
1311,331743.73123170895
1312,724111.9880528855
1313,539221.8925913759
1314,253998.9870472112
1315,1291339.183828216
1316,1377695.439544116
1317,461047.50321680115
1318,642637.2977446514
1319,257506.37080881812
1320,284726.62074101315
1321,396875.0004804178
1322,478408.2709745213
1323,532428.7719344357
1324,500920.0373359155
1325,303634.80846166273
1326,484953.12780265027
1327,453143.1526794227
1328,632198.4739852848
1329,289890.01859351335
1330,511688.3016691143
1331,462571.81226616586
1332,569242.2777149257
1333,597437.8460411803
1334,614315.8085499242
1335,1017996.2953770207
1336,247217.18014703607
1337,1279883.94334713
1338,378514.54346084635
1339,546622.256082834
1340,1443805.2239478815
1341,738861.2882606562
1342,481572.6942919747
1343,634081.9503220349
1344,187778.1697231302
1345,682685.8869963319
1346,208784.2873227752
1347,541049.2367182856
1348,426285.99394551833
1349,519598.4971811417
1350,532634.2829538917
1351,397931.3192521019
1352,922715.535623619
1353,367337.06316025485
1354,291907.90936479793
1355,257589.51966611194
1356,395272.47961711005
1357,403652.9343852283
1358,507907.8815096618
1359,492559.4068768356
1360,728460.3330581675
1361,512956.0694615535
1362,330108.56147371506
1363,263877.6063949955
1364,690117.6563433675
1365,675409.2957366018
1366,194102.72433639338
1367,531438.6258857715
1368,615611.0041681036
1369,433769.6796727831
1370,628799.4108523083
1371,403919.3477727929
1372,468861.91001856595
1373,266934.3436168436
1374,447723.4138491891
1375,542509.8054521312
1376,527124.305390396
1377,381111.0276870443
1378,479607.0359109084
1379,945463.8592003344
1380,342407.35015784804
1381,381882.1407417768
1382,553919.9795511941
1383,309931.0059057793
1384,822871.826957269
1385,459230.5918030197
1386,273728.1093161123
1387,438930.7367161623
1388,277269.4916056964
1389,524361.040279588
1390,241027.57074913176
1391,447614.53111029323
1392,471863.58922331315
1393,428797.74607366836
1394,438524.8405460694
1395,614517.5395622692
1396,427026.84663373086
1397,621188.5316585449
1398,455711.31283983245
1399,448235.2184175015
1400,292131.852084878
1401,594347.9261930576
1402,271108.8244564402
1403,810411.6055087486
1404,545648.7244331689
1405,665618.7042724678
1406,304763.6342186901
1407,353915.6072022215
1408,430580.6309345373
1409,736487.654283456
1410,850552.4697821289
1411,396472.33481300407
1412,477117.1387058077
1413,477117.1387058077
1414,373426.4602835877
1415,373426.4602835877
1416,307352.26456530154
1417,768817.8503346174
1418,457160.98803197953
1419,286292.36226504104
1420,227186.08901696865
1421,316234.80278285575
1422,325317.0479184925
1423,526362.0483590179
1424,924173.6022318044
1425,813723.0589307701
1426,183846.41563831674
1427,735365.2084687223
1428,392954.2169956437
1429,291986.97658426926
1430,583509.05847041
1431,922902.096501879
1432,175668.6780461669
1433,377114.63710327295
1434,311615.42469736346
1435,447752.38009741105
1436,220716.69557821815
1437,205075.0609099601
1438,317545.18340012984
1439,696417.629839752
1440,979978.1621846932
1441,444081.6529029446
1442,453162.0403009974
1443,473514.1049813106
1444,331564.352370897
1445,493568.868878949
1446,452444.4561722649
1447,319461.869795466
1448,300697.3313796514
1449,563586.6684919494
1450,481280.171445648
1451,225142.52731128508
1452,472901.1518418422
1453,788534.1919164245
1454,204489.33574823383
1455,667968.2880066147
1456,267524.6601836229
1457,981552.3915335342
1458,236516.4796378072
1459,570595.3595930693
1460,221430.1035239878
1461,582015.8311399207
1462,416710.63254618424
1463,604490.346583514
1464,608857.5444446095
1465,665888.9455291929
1466,709880.9035159404
1467,598240.3335862767
1468,462868.86472481204
1469,861285.6579560883
1470,514306.5173939983
1471,305638.27069405414
1472,305638.27069405414
1473,733985.8987474878
1474,483756.881480473
1475,536098.9733494637
1476,500401.27096560417
1477,1848776.6169006494
1478,544287.4661786467
1479,1046091.7955325866
1480,291670.99154058204
1481,244267.98823748447
1482,330570.41663130047
1483,537113.0116358568
1484,783892.4868152216
1485,1058589.657482808
1486,438239.1042370224
1487,246788.17663073083
1488,780964.2411396727
1489,408231.5915941939
1490,419203.6701695124
1491,1230116.1164592544
1492,524715.384543376
1493,399086.7753714089
1494,499154.9371286401
1495,218341.42712829853
1496,748643.7055456451
1497,406885.0076234117
1498,359176.0075449894
1499,480193.41773563763
1500,1598646.6495010934
1501,564828.7140434061
1502,2514467.1843326753
1503,609218.2180785931
1504,469663.46005281084
1505,528169.5102136704
1506,288826.70432951686
1507,513066.4522201879
1508,365279.6320887033
1509,617525.6889484365
1510,269047.48451299337
1511,472484.85531365906
1512,454026.93166634685
1513,389821.3872939669
1514,490427.7548114272
1515,926932.7357950085
1516,381356.61202703905
1517,254048.6722115558
1518,343242.89207220013
1519,561234.3585357805
1520,186874.062363363
1521,363868.8966892592
1522,517328.1524521538
1523,827631.2806691417
1524,597368.6298076455
1525,226562.4492601493
1526,518488.89802413044
1527,525631.7814996407
1528,476724.82255702704
1529,397938.94495845644
1530,439893.7034462496
1531,581996.9371944437
1532,667034.634405413
1533,460644.411189015
1534,588593.7000800745
1535,612765.4276267358
1536,652379.824904118
1537,1691774.9893422206
1538,760819.4594962073
1539,456930.9423323155
1540,755231.3902435764
1541,858030.2893342797
1542,453092.59354537405
1543,312281.9837097293
1544,361770.0104145288
1545,556831.5817543496
1546,198784.30901260316
1547,479855.53695861157
1548,280694.0737348625
1549,366183.84071420075
1550,240846.01530633
1551,414397.13747088955
1552,511612.4520617323
1553,608380.6150846251
1554,600878.4950914116
1555,416534.12946541235
1556,277042.7629527204
1557,835916.8927395882
1558,782639.3518091072
1559,742466.8720530209
1560,619939.4288061797
1561,344775.91483492433
1562,482834.9170637545
1563,447982.52839333756
1564,384805.8980687561
1565,210161.5004259079
1566,489751.6105377809
1567,220058.19681042648
1568,268891.05949874787
1569,706338.8068070827
1570,833379.8351236158
1571,615818.6701165247
1572,326036.49790484546
1573,565208.2554379603
1574,234152.00187094582
1575,1069708.5242723676
1576,711703.056442848
1577,881563.8687024001
1578,391136.91766274505
1579,427636.6143252919
1580,207465.27751990472
1581,303283.0528168697
1582,363941.9700535274
1583,366177.827503795
1584,1947659.6214262987
1585,701851.9315696507
1586,272975.74830403103
1587,295125.2744146908
1588,631463.6623147314
1589,230294.58946697004
1590,430380.18259993166
1591,1600173.5507775887
1592,342631.4129447241
1593,606152.8807351998
1594,373187.94978866255
1595,547237.5493797387
1596,656151.3392509266
1597,364692.25863741763
1598,386596.30018951633
1599,1292109.8826626416
1600,393737.3162621848
1601,1525020.3378990574
1602,556048.8056293079
1603,479999.54314432276
1604,246875.24053484126
1605,849845.7052613285
1606,312391.15501164715
1607,312951.694575665
1608,668439.9608048566
1609,409452.1763855351
1610,397614.73929847905
1611,332847.5816820078
1612,421523.9391148819
1613,603386.2887442069
1614,332166.90136086126
1615,547461.7328407242
1616,661178.8801442693
1617,202420.09557136253
1618,219894.63592599606
1619,823069.4395175547
1620,754225.3852452755
1621,1725760.22812789
1622,230721.72857754992
1623,1598833.0548543984
1624,177783.36628419088
1625,608819.2519305099
1626,224164.59501685502
1627,613645.779337802
1628,540775.1734731225
1629,413081.5682043519
1630,544117.0146425456
1631,461140.57454924786
1632,865921.9719274265
1633,659289.7347426256
1634,464106.23383492534
1635,677354.1517851577
1636,369751.67876923684
1637,424321.11704192817
1638,678035.1038049912
1639,535939.2669818851
1640,510278.7493619029
1641,438920.6319231253
1642,239053.3214321533
1643,300943.4968550309
1644,347665.30047902826
1645,533423.883053561
1646,284832.34497168026
1647,409335.18202562234
1648,179036.1045030128
1649,320379.3554455941
1650,981091.6086133834
1651,219161.43914339945
1652,666571.0555921085
1653,331299.8960483879
1654,523395.6637180501
1655,309101.51005332917
1656,303189.4645000447
1657,843036.9295530342
1658,450451.37005871965
1659,263251.77061851334
1660,539090.3738345455
1661,310806.62418599863
1662,416625.8478063346
1663,290317.57099780516
1664,1075485.928058644
1665,367048.97989973926
1666,701689.0944599657
1667,351034.85191174835
1668,356351.9752851254
1669,328512.5052723656
1670,527279.6164805469
1671,497177.6664051413
1672,365072.32739408565
1673,753656.8360741369
1674,280452.67363416473
1675,453061.7606651996
1676,303852.9230030587
1677,875669.6592079821
1678,525032.9895390997
1679,608768.0186289875
1680,833460.1219099008
1681,450107.9428487026
1682,567985.246853203
1683,744151.2486706191
1684,2311134.9820851656
1685,588579.1296962613
1686,374958.16748464236
1687,468061.1652796033
1688,592880.3809398
1689,927987.8983308212
1690,243965.17104832915
1691,403258.88585689623
1692,266556.7842590409
1693,743669.3266119194
1694,413823.37945119466
1695,226108.86079259118
1696,318758.55258458667
1697,237713.11771380328
1698,341127.9467671589
1699,570953.4613739891
1700,1094270.1551306746
1701,1094270.1551306746
1702,473838.39204721566
1703,319096.068335537
1704,214815.18335429617
1705,359094.0823721959
1706,218113.0867805117
1707,243002.41652388105
1708,499126.3348573034
1709,502166.50874144793
1710,859288.8416537773
1711,517293.34265825746
1712,388207.91415956226
1713,370275.76583923295
1714,394527.73755924235
1715,472825.203103087
1716,676785.0051232514
1717,499935.0366389541
1718,298345.4106010815
1719,1005420.3465014673
1720,474570.7210833621
1721,637932.0668758795
1722,398629.53414828586
1723,661099.7971593809
1724,556641.2278679564
1725,604763.3909983345
1726,1766943.5199668685
1727,189618.35998458441
1728,288105.2443478395
1729,418568.67212033604
1730,387023.25306556793
1731,623987.4089502696
1732,523428.9992383809
1733,828877.3291056375
1734,423325.8369432001
1735,674699.6756400755
1736,727983.3588971135
1737,370929.65632142563
1738,489123.7686956868
1739,498648.8644342636
1740,710517.3000759335
1741,396921.5089971651
1742,699031.4605719146
1743,327647.10266974324
1744,477506.0573395284
1745,380912.6165706142
1746,328844.5578953503
1747,275914.909462754
1748,787161.6691420563
1749,315812.9701804971
1750,725248.9815900892
1751,623315.9178943532
1752,664437.8552929282
1753,395360.41486366646
1754,392643.7423869139
1755,847476.460412614
1756,383809.6964909905
1757,306558.61479951657
1758,780454.8906617288
1759,834311.3767469686
1760,269196.9099137693
1761,312331.61915768933
1762,613137.8516289041
1763,187331.2841462749
1764,828585.0779418233
1765,588142.53756944
1766,389651.32912573265
1767,388456.07954705507
1768,256435.38736942149
1769,262136.10757312388
1770,413533.17979055265
1771,380900.4342407932
1772,599299.0713369778
1773,503915.2930268834
1774,251190.68034084394
1775,493009.83018433827
1776,464154.36612737965
1777,1228442.7902533
1778,284916.76026320073
1779,260227.38799746567
1780,553468.6611795701
1781,448387.695719616
1782,547706.7392505127
1783,434271.388865609
1784,216731.4316167282
1785,164937.0619217695
1786,306684.3624236824
1787,766380.8566456077
1788,387341.6147912733
1789,860540.3537179185
1790,553130.455426245
1791,544742.0240706587
1792,754794.0076464044
1793,380270.9277435651
1794,529636.3054599566
1795,543480.5526465431
1796,252751.78429464393
1797,1020286.0149073938
1798,306172.3376320015
1799,319422.8246957075
1800,1297730.7195776433
1801,241705.1222569278
1802,474885.8679224686
1803,306802.5558358645
1804,576886.1912599494
1805,407543.1781943196
1806,509284.5903376732
1807,203715.56889769057
1808,752800.039121704
1809,400315.62077553524
1810,626743.2514388982
1811,939048.9671814753
1812,514167.8886971279
1813,868955.0154965572
1814,420097.2418226125
1815,412677.81264048634
1816,461202.2091502006
1817,1341344.4763632372
1818,452663.93333594676
1819,660594.1642030105
1820,237545.1663228466
1821,428981.5534770696
1822,426174.7984690487
1823,650179.6530319342
1824,227774.1899165212
1825,359565.9122343376
1826,740902.5359363754
1827,336621.8691896682
1828,612278.4759417763
1829,342215.5040263028
1830,169264.87999605507
1831,221793.3060996599
1832,706176.5974973053
1833,452233.3143030847
1834,441783.464528348
1835,288437.3886207468
1836,664746.1723274896
1837,454137.5740639972
1838,443415.3922822092
1839,1050363.0858572626
1840,234015.4666493301
1841,800121.9402112934
1842,971556.629462439
1843,287338.4969771752
1844,326341.0979052872
1845,237229.30595280163
1846,240570.7896204101
1847,340497.687665135
1848,356646.2640571845
1849,449868.2328958766
1850,279830.7593767121
1851,757658.1037524441
1852,576726.6686338942
1853,327989.6371874089
1854,796504.3800691521
1855,357218.05824640434
1856,466876.1048276364
1857,3050045.8953230144
1858,758388.5472836278
1859,478393.66742143035
1860,314176.1362025197
1861,492222.848609221
1862,635710.7925248949
1863,587796.3812836772
1864,317612.8513802413
1865,926462.8437504856
1866,425633.37364173983
1867,691500.577344027
1868,242362.77813006012
1869,498019.0088317822
1870,517853.7668277147
1871,475211.57100411307
1872,476282.8110610658
1873,251868.22317880773
1874,335011.8605075377
1875,578547.0182659264
1876,200481.7356315394
1877,378358.51579229545
1878,347655.80975322676
1879,516258.3503962105
1880,456687.2401783429
1881,842824.1309308175
1882,193013.32243645506
1883,201346.14245540247
1884,393720.23517420504
1885,642704.5747473643
1886,791900.4212766003
1887,784826.901629849
1888,510871.76334319345
1889,415700.87506685784
1890,655996.0182720583
1891,293061.6910220491
1892,463137.9383394105
1893,760682.6328640954
1894,306536.5161752494
1895,368578.0718934594
1896,237708.24579717402
1897,881503.0672539072
1898,476616.31038236263
1899,790985.5385056486
1900,387748.1955952386
1901,326199.11260329897
1902,318092.4432561598
1903,1013536.6818759233
1904,250209.23568368575
1905,1108613.5770029875
1906,470565.4611488195
1907,625097.4924020052
1908,475989.15575089556
1909,395392.7724732928
1910,1112323.5428533375
1911,956256.9990457888
1912,755834.2385877746
1913,428289.2149536417
1914,810593.1580939838
1915,527442.2621585686
1916,274177.4182416102
1917,283439.55900696776
1918,427356.69497805234
1919,427356.69497805234
1920,373335.5788628787
1921,471898.82620865176
1922,924006.6695063763
1923,677080.6107676709
1924,2490684.376023219
1925,493409.38166287553
1926,294470.85242564796
1927,555833.9874994875
1928,501110.2914846249
1929,572097.4679092849
1930,196542.16032880612
1931,597829.8968489318
1932,339130.4163602585
1933,227954.08434887565
1934,212344.70653254283
1935,1336574.3562972366
1936,279070.9934912509
1937,253691.15519834912
1938,486357.15606690856
1939,258305.9334218457
1940,1404798.759379651
1941,217764.62176278568
1942,668244.3065958869
1943,288920.7321184854
1944,662892.3553466235
1945,2244274.261416086
1946,397922.40715449053
1947,268498.0755162555
1948,391626.0347357551
1949,428682.66267158184
1950,625301.4352701721
1951,543275.9378603119
1952,561648.0711052294
1953,706515.5157677724
1954,506943.4507464439
1955,422284.59874084307
1956,225483.24102064985
1957,291019.206729348
1958,224403.27602100134
1959,260030.67851762078
1960,399942.6438806928
1961,273728.0622378077
1962,552373.5522317609
1963,921194.4853021256
1964,1036603.6600269746
1965,565282.2167702296
1966,618146.6645370101
1967,686660.3041030567
1968,185814.44675851744
1969,1103909.334861645
1970,300391.2006043088
1971,1348363.0081898796
1972,352474.5790212841
1973,398234.87164694123
1974,337202.0874375068
1975,287232.9880092812
1976,687623.3251704875
1977,587025.1528507065
1978,625458.0456190064
1979,1178214.6924121894
1980,488986.48190047825
1981,1783683.2983127204
1982,499611.57276536024
1983,534113.7152530821
1984,653187.6498135786
1985,1286080.3699246866
1986,400221.91536737926
1987,459691.5348342917
1988,208720.2117269262
1989,565155.8732899276
1990,765949.9613131899
1991,316732.47821676556
1992,487943.67607788666
1993,304175.76694611344
1994,202977.22620549402
1995,619584.112323353
1996,303793.85553010553
1997,236789.75568235095
1998,609655.7409112502
1999,438335.9238798341
2000,552513.1075653055
2001,537096.7049013624
2002,340883.9385762146
2003,238339.55462254892
2004,646959.3826347189
2005,692963.6446287492
2006,928142.9021639099
2007,692498.7857618259
2008,186806.58956456583
2009,397035.5384713319
2010,298657.31909785216
2011,656935.9888121632
2012,321149.22295651643
2013,212649.08807926276
2014,453629.4678690715
2015,521494.01945651305
2016,286517.97537665936
2017,523196.08905961626
2018,299325.75992721436
2019,552712.407014795
2020,367266.58080916223
2021,299269.15578259306
2022,339978.6959778743
2023,264701.21489390015
2024,489363.86614691274
2025,219207.268805514
2026,329320.05261414003
2027,293572.501001299
2028,783370.1776055184
2029,773686.1982092406
2030,626534.7858844474
2031,775795.4519107046
2032,1447364.269698698
2033,1127660.3630622074
2034,740367.1234063598
2035,227707.51254751245
2036,1049528.907191837
2037,624722.9190461009
2038,277198.73960387293
2039,786597.4395268968
2040,403754.54064247134
2041,271199.4166431237
2042,331950.1565000779
2043,1519074.6120608866
2044,460392.91972944257
2045,460392.91972944257
2046,712965.7100685507
2047,597395.9158450284
2048,632250.8655352478
2049,858216.290132494
2050,785800.4900896187
2051,461994.8882336484
2052,450798.5542446918
2053,216623.82659912275
2054,754003.2372282295
2055,196111.11234534177
2056,539377.8580082658
2057,391545.71042961715
2058,710368.3255926712
2059,207141.24274703336
2060,2239849.750952472
2061,532612.6861268489
2062,570442.1048478195
2063,353090.29203418276
2064,364713.00786262477
2065,521957.2265095427
2066,1051787.70847982
2067,382339.41313687863
2068,491775.73494999664
2069,493152.37651646475
2070,414585.0627318664
2071,816243.583621374
2072,311419.9402556762
2073,253445.10552390735
2074,800130.2918481618
2075,531624.4003202296
2076,315958.9283990227
2077,503046.1481910653
2078,722643.5340756328
2079,238941.05419439188
2080,266985.22136476036
2081,256669.50507442426
2082,503975.23598348617
2083,327809.7751231698
2084,635189.0226587724
2085,450690.3216893122
2086,231025.54654599895
2087,319369.4132511904
2088,623539.4635509922
2089,254871.2095694942
2090,978235.8236178537
2091,444190.03683901794
2092,658040.3555341662
2093,167078.1539718784
2094,243512.90421374596
2095,515413.5658815964
2096,814533.0643217365
2097,490873.1184128333
2098,818090.4362940603
2099,630664.2296962491
2100,405972.69948062743
2101,276865.74740434723
2102,369454.0959313935
2103,523119.254910777
2104,562224.6077262257
2105,569512.5008061299
2106,333023.47777701484
2107,562654.7933489197
2108,526681.2916112477
2109,212004.71683501377
2110,232551.61887928477
2111,972250.8918261883
2112,828616.4703282973
2113,465962.21756662155
2114,383779.3232312712
2115,316786.15687447024
2116,620840.8290678763
2117,436852.39116708236
2118,237757.12603850698
2119,518194.80121260684
2120,257968.77692124978
2121,482945.5460193497
2122,216642.28896709066
2123,474423.5849951226
2124,473632.29146098124
2125,217748.4554942482
2126,237911.86450889576
2127,508890.00475431286
2128,619662.7231416522
2129,599927.2277142414
2130,557985.8407929271
2131,407356.65088529675
2132,353730.84772393486
2133,271532.65278112475
2134,757840.5870074134
2135,380340.09809928865
2136,617383.9186215358
2137,161098.76557696285
2138,620058.0195476785
2139,479727.3403767178
2140,533838.138756371
2141,574094.7918469199
2142,1386993.3231962528
2143,759170.1816722176
2144,351993.20471121103
2145,616764.4911408379
2146,258962.75967243547
2147,421501.51214217185
2148,657928.9537490024
2149,329145.2088492524
2150,507764.15928741696
2151,715545.8721045834
2152,656247.8779299783
2153,682642.7438606016
2154,466011.9069785262
2155,1789934.3200693105
2156,283206.83266950294
2157,231850.69805495458
2158,500013.55473506544
2159,1028280.642740825
2160,271706.18880086933
2161,152751.2684329054
2162,384169.8059737984
2163,1105318.297479257
2164,613297.5736690279
2165,307608.58218711306
2166,355403.39382551535
2167,312440.5012584945
2168,463179.7943678873
2169,317087.6018681189
2170,775476.1760730816
2171,445839.3911410369
2172,573345.451021663
2173,388059.1095949142
2174,645760.8853399053
2175,1019277.4331476691
2176,636970.8588834092
2177,817434.2367832537
2178,627416.3570781079
2179,270178.91540758574
2180,1136107.9963302906
2181,212275.37508899134
2182,410795.810837804
2183,532952.8699385924
2184,381531.5401343035
2185,271636.6669738593
2186,270192.75903973286
2187,303349.9193252637
2188,917402.7226480457
2189,621987.2971704328
2190,327132.5330425277
2191,228487.36574593795
2192,403646.37346173654
2193,1499848.269405717
2194,323523.8383300912
2195,263518.7073470838
2196,438849.6468267749
2197,229869.1368445143
2198,598248.1725332876
2199,542870.2749604079
2200,363034.7889799712
2201,883424.8948048493
2202,335798.59032922005
2203,349755.78885981167
2204,327365.93985547376
2205,373309.1997831647
2206,320446.4419044985
2207,297198.8227141951
2208,530610.517184562
2209,420019.8449620582
2210,288007.3530909683
2211,415822.8452056472
2212,249227.2458892452
2213,565990.6823294075
2214,464126.2855584217
2215,512527.4787954881
2216,483809.8325858324
2217,1111133.5634958285
2218,610671.9686995887
2219,290246.0702016415
2220,430601.959595128
2221,210330.3610266217
2222,652134.1825170943
2223,361463.1276291296
2224,242800.0688452759
2225,406170.14168560726
2226,481740.9196128534
2227,550375.5144755914
2228,510416.18948528817
2229,483424.06373760384
2230,480185.3912369431
2231,316916.6384891944
2232,332070.0044677242
2233,228664.93659328157
2234,530981.1530059685
2235,1055497.7767056378
2236,975345.0125758352
2237,690833.1336072972
2238,1921009.1225729366
2239,432816.5967879966
2240,1664068.1591016105
2241,253921.64930229713
2242,397085.6292284638
2243,830999.0073895822
2244,439048.6131827848
2245,481610.7710493678
2246,568766.930006863
2247,391065.3765899232
2248,292232.7588562978
2249,651818.3621292667
2250,224284.21562001278
2251,703531.7943085016
2252,416293.9026828912
2253,439967.93438339577
2254,251685.98643228656
2255,442195.8760306933
2256,845696.6420627846
2257,312062.47960628645
2258,424200.7431641921
2259,543292.8119094912
2260,248928.32416973516
2261,545176.5023465075
2262,545176.5023465075
2263,1478974.5234702746
2264,358178.60791071714
2265,834737.24413937
2266,395132.8391266273
2267,816390.9507777662
2268,426726.53252168605
2269,630648.1759038004
2270,293374.1443728627
2271,1597629.3878894013
2272,239983.23990692254
2273,1732259.7028726458
2274,376660.6440559179
2275,372722.53573152877
2276,234777.61878212137
2277,718691.2052321888
2278,1093306.499135029
2279,526865.7772849023
2280,397084.6716000261
2281,442281.5475500543
2282,493334.0710766505
2283,271610.00800483895
2284,657362.0211694642
2285,732483.4587013628
2286,299443.36320148426
2287,180855.89683698726
2288,476019.2320594425
2289,732568.5333790579
2290,272179.77325241023
2291,335630.81662844366
2292,1019290.7210370172
2293,520845.01044148294
2294,435388.10224844364
2295,609461.842352621
2296,801684.7635085501
2297,339272.0700898308
2298,294395.1146853006
2299,291548.80048495776
2300,441415.97841615236
2301,210828.68984181783
2302,270813.0987987495
2303,676180.0416276145
2304,321077.70883256727
2305,317289.67469859653
2306,159464.69402995342
2307,493481.38531716255
2308,485229.52748829
2309,921512.4898378542
2310,242277.80272572083
2311,591366.1654576056
2312,277080.86726293893
2313,582365.310404363
2314,320649.65191592806
2315,381533.0323378796
2316,568748.1844208705
2317,495147.2187954906
2318,412021.7196980487
2319,659511.5779075149
2320,529098.2304695072
2321,621637.9617181545
2322,1168694.129160842
2323,444125.4912460362
2324,296025.2262322722
2325,233298.49435381414
2326,492371.7058021553
2327,448298.04101232626
2328,904152.1483374793
2329,961371.1115412377
2330,188679.3518044734
2331,883385.2449030012
2332,375648.35060761403
2333,577509.2425289237
2334,788641.5542206895
2335,1203049.8629713785
2336,402845.1006479472
2337,482789.89254454937
2338,401088.910673873
2339,767816.545675121
2340,341590.62398129475
2341,549964.8606058917
2342,382235.10308839486
2343,340366.25101871166
2344,1077276.7869762133
2345,528498.4878436063
2346,361890.0665314631
2347,775913.8583322373
2348,412017.78098804184
2349,267043.0099270673
2350,449531.6679548959
2351,439589.76702740794
2352,736354.9017417618
2353,426388.3617206863
2354,401226.1188521729
2355,362306.72624738724
2356,1206499.3916809764
2357,289982.4118071586
2358,1198870.8550570162
2359,186131.97294091075
2360,340653.60375715425
2361,292839.2253867001
2362,425046.1456501416
2363,284448.3555249041
2364,349514.2649037829
2365,383167.26074029494
2366,467295.3345494115
2367,696256.5015607538
2368,552761.0879160933
2369,423655.0910955787
2370,400238.7617250361
2371,471340.7254672402
2372,519737.33681740233
2373,413791.20359724347
2374,433268.8974589431
2375,414503.99873711396
2376,1055046.015600429
2377,296331.23107155325
2378,268036.2448919815
2379,1197956.5729583018
2380,767783.4331823289
2381,394374.10090898786
2382,400485.3811724026
2383,444658.4885854416
2384,291413.5270888367
2385,350001.67721957504
2386,812553.8981050671
2387,388521.14602515026
2388,538315.4533913287
2389,375041.11709686526
2390,1586856.5132294502
2391,564870.2789456316
2392,527717.6850953635
2393,901447.5609162776
2394,1124964.7727849039
2395,814046.2695551418
2396,507941.19724466425
2397,443859.3015535149
2398,337577.69799914735
2399,508137.7662100784
2400,281628.35049312684
2401,322682.08628830593
2402,543558.1910084839
2403,352939.2706924408
2404,233834.0752893413
2405,300491.4605507282
2406,339165.79658778687
2407,564831.359475258
2408,559338.0993813097
2409,518036.466018071
2410,573822.0401015866
2411,398062.6344060752
2412,340488.24163118284
2413,534432.4578456188
2414,406370.4790102025
2415,721879.2106875106
2416,729554.2669070277
2417,1495181.09936118
2418,866422.6136293779
2419,911994.3007650104
2420,499295.33100178983
2421,242093.5599743275
2422,469758.71349479404
2423,457209.5927813258
2424,514475.8638954303
2425,375708.6265871664
2426,505342.62954955734
2427,468130.9204261199
2428,528939.3073808547
2429,323904.1221120574
2430,625839.5597564843
2431,635370.0172329934
2432,293938.60268629197
2433,858287.9192679997
2434,885339.5421363225
2435,853108.4783731753
2436,351044.5304959962
2437,559726.7053041134
2438,684533.7990875477
2439,322543.60889698146
2440,683109.1442837078
2441,220857.12802060603
2442,473284.38285270944
2443,217842.3558177124
2444,528457.9563792415
2445,1218401.1239348964
2446,373898.4957649156
2447,454731.8236979083
2448,462468.5109465216
2449,519464.22062601504
2450,540575.6714731947
2451,397458.43250522396
2452,1179621.0159999484
2453,621336.6788719206
2454,305113.53543396405
2455,926252.7106360506
2456,520130.7172269997
2457,489283.46232079255
2458,427673.29920587
2459,411411.74696263176
2460,1031723.1166634856
2461,593081.2705986843
2462,843784.1990647786
2463,263662.9266518488
2464,463979.2051301886
2465,354451.9045750492
2466,401587.6048628419
2467,1399019.3862333307
2468,928750.9099565481
2469,293438.9858224033
2470,664329.4649355306
2471,363224.58359734464
2472,472637.23882226873
2473,1899431.260295929
2474,423964.0574815545
2475,652016.963391499
2476,725363.8304248654
2477,303913.8364518505
2478,328034.0666049398
2479,562260.2226971518
2480,563951.5553359888
2481,557187.2062022331
2482,515169.00090796145
2483,310756.27201626525
2484,712438.5619914838
2485,390711.5257084982
2486,2409112.8705510646
2487,465712.2738407975
2488,653801.5540219729
2489,563932.9555430281
2490,551731.0683321352
2491,440740.88303966174
2492,544627.4143385594
2493,488106.8886087226
2494,334414.7491512148
2495,262246.98256922
2496,403117.9280224497
2497,281607.2572626605
2498,492985.05935239204
2499,991580.0704275117
2500,667194.5995201818
2501,485095.0470100856
2502,698454.7999306434
2503,541322.6592527222
2504,454619.733828638
2505,477558.19822268916
2506,293730.9781767995
2507,369278.3694154572
2508,404783.1433442055
2509,488003.44916744565
2510,446531.793413036
2511,527654.3806037039
2512,603256.3907228832
2513,423635.6943024738
2514,483894.26910911483
2515,662215.8665314415
2516,513227.0734261556
2517,452946.36877562024
2518,999876.7545472957
2519,570681.736020464
2520,1044407.9829869383
2521,343360.43717344775
2522,340703.2847562787
2523,1599721.2659154744
2524,334942.037892418
2525,708810.7473092348
2526,438818.8619479157
2527,418811.8343964204
2528,818403.1406436223
2529,377673.99353481445
2530,472081.57593168074
2531,480305.38339813356
2532,2029078.5669778977
2533,596630.7787733536
2534,1476199.5512171532
2535,357674.05555560323
2536,440974.20515677496
2537,406296.7732478158
2538,495395.55096530204
2539,572200.1416369557
2540,1017207.0594382363
2541,415231.2266786561
2542,840443.594187081
2543,292178.5599526647
2544,545774.3446617143
2545,335515.3353641014
2546,923024.5535696971
2547,450095.98486533255
2548,487538.60843851784
2549,305928.83807490335
2550,366753.7995860855
2551,378646.9058413433
2552,472679.09139229107
2553,680133.3469686699
2554,503795.43331746326
2555,378289.3719899237
2556,594200.9211267658
2557,1574414.6461724236
2558,560155.438728041
2559,656669.6504044731
2560,485397.9470457175
2561,479224.637756941
2562,326854.21316880605
2563,395505.5972749921
2564,407305.1664795511
2565,1313928.8460484424
2566,449675.63831345335
2567,3528536.407562732
2568,1090927.4361250547
2569,384954.0126717608
2570,294793.8519606385
2571,487173.1771109096
2572,558563.9948103178
2573,442397.90808160556
2574,485452.6774523592
2575,470635.48358569504
2576,344311.13892121654
2577,835128.1806995383
2578,646858.0736743701
2579,581842.8471769942
2580,668812.6787387708
2581,450523.0299687603
2582,337300.31114929944
2583,307165.9899122349
2584,411716.00114969624
2585,1063618.3995782458
2586,490203.6841265788
2587,408401.6309319514
2588,1279346.3533427927
2589,260153.42153098097
2590,925603.9714248067
2591,535015.6172846421
2592,549859.149760347
2593,275163.0822490173
2594,419983.6370869522
2595,967192.0761763769
2596,841493.3414326337
2597,495262.1152003938
2598,395315.9069238723
2599,533906.8866220815
2600,262498.2747062803
2601,433780.3846655389
2602,397110.2766076406
2603,485354.12221439753
2604,1050848.2726854687
2605,822504.7797514969
2606,621321.7685262543
2607,333912.90125008626
2608,534129.1374590276
2609,366991.04860705714
2610,386740.38672942115
2611,566528.5275424458
2612,402222.190125314
2613,551241.7322540802
2614,539695.9051987196
2615,604191.3245304181
2616,842195.8115547828
2617,925852.0834827292
2618,540680.8505690158
2619,407843.19500777306
2620,530736.4850012106
2621,694927.0973767
2622,461959.6789041489
2623,446492.00402060687
2624,455762.5612887671
2625,784464.5067635498
2626,702102.0830325697
2627,453575.8399724931
2628,521831.7120117957
2629,351251.0146914334
2630,355494.2220241377
2631,544375.6953591639
2632,505733.3565598546
2633,371337.2424678816
2634,322779.3435437795
2635,359407.8913758934
2636,460141.22489145485
2637,1673551.3242797179
2638,470462.7323606072
2639,424893.5257370576
2640,331274.6085312475
2641,654168.3299068238
2642,458232.72133890213
2643,343212.8225354134
2644,529489.6823034037
2645,531624.9704172028
2646,434262.7885519113
2647,297872.90514153574
2648,351089.79604379094
2649,530982.9543115898
2650,410422.6050978522
2651,455350.0597464112
2652,325858.8132678238
2653,482865.6474162962
2654,441862.7071075171
2655,823956.3148108864
2656,422216.71241104876
2657,868209.0959125982
2658,422417.2984022269
2659,851390.1771821067
2660,331213.0885259437
2661,438340.1977070509
2662,245892.04588255702
2663,846534.0680040128
2664,562348.8614028256
2665,1298229.6316290316
2666,712269.8815252992
2667,778123.3395891328
2668,568727.0306398777
2669,379874.532581419
2670,1545705.0072338234
2671,433903.00377053884
2672,884951.0377548237
2673,601686.7320084615
2674,352132.1488511048
2675,317844.80649693165
2676,478294.79842526856
2677,660473.2718982457
2678,787477.8959778583
2679,577921.6744377519
2680,775025.0097574609
2681,421261.5418887423
2682,1296599.8932712704
2683,502855.6407343431
2684,349522.4759161573
2685,498118.5722420344
2686,1305098.6553209557
2687,416615.9342358632
2688,353094.305457431
2689,321284.95230366255
2690,946311.9949125757
2691,579299.4839300793
2692,500720.52081720217
2693,1458793.3170803657
2694,286664.2134767225
2695,773515.7306663385
2696,977373.2774701854
2697,727584.3546211984
2698,759302.986548192
2699,568545.3077948595
2700,451594.96655915154
2701,572593.0505404507
2702,448259.15596467594
2703,234333.57360866712
2704,392333.54021802143
2705,442797.631191869
2706,241237.71939725734
2707,495970.3477562773
2708,724560.4319502446
2709,504421.47893778223
2710,541016.3203585602
2711,473610.6099222557
2712,410610.86577325326
2713,624282.2412287747
2714,1198797.9431703778
2715,398748.15434921894
2716,524851.766708884
2717,687778.5017884532
2718,588910.902738419
2719,1707895.482278218
2720,461918.84318729484
2721,467039.0929464069
2722,378742.13888017775
2723,400463.698073569
2724,386317.8007217131
2725,604237.5506536302
2726,394497.534335441
2727,488958.8240813879
2728,802493.7120542073
2729,564792.0208426857
2730,405429.6819472393
2731,478342.7835760751
2732,230887.1054058482
2733,601798.7679297454
2734,1445290.893697648
2735,479682.120272974
2736,497998.5068305543
2737,903586.8550770587
2738,481450.98885152966
2739,341404.6944332231
2740,570093.7964355705
2741,640987.6156222816
2742,615882.2470087727
2743,338833.6597934517
2744,609601.7835378057
2745,477405.43311475625
2746,501797.2145428528
2747,648822.9952399401
2748,767999.4852474239
2749,431529.3896455758
2750,683577.9026042661
2751,664044.9071389632
2752,425791.9163406215
2753,360835.40908262355
2754,269645.0814728171
2755,460060.8363688096
2756,779941.3385340236
2757,837566.8928573135
2758,571468.4264139134
2759,363593.6797418767
2760,262538.00983258884
2761,354800.1469980176
2762,495101.0433336017
2763,495101.0433336017
2764,286495.6116595131
2765,503061.34461999324
2766,476971.7495251012
2767,351036.6927470812
2768,551613.745291033
2769,361617.2460119152
2770,581718.435471078
2771,580763.1244536964
2772,370099.4525837652
2773,505842.5042718952
2774,511244.961860738
2775,785666.6061965125
2776,894686.6408476358
2777,549960.5360563339
2778,1264481.8392066415
2779,541051.0926664112
2780,493602.7261748179
2781,1151901.8313574526
2782,561177.3003807209
2783,805799.390969715
2784,374583.1020783216
2785,287201.7759166384
2786,939804.2229582447
2787,502484.9752390221
2788,429645.40773764724
2789,513285.1743414544
2790,647702.6984280001
2791,524265.2049890939
2792,316455.19602450414
2793,822788.0222334274
2794,1195675.4114788258
2795,544653.366554735
2796,758527.4610229062
2797,477599.99847587175
2798,434079.87008769973
2799,534667.3044038825
2800,389151.50698508386
2801,1754900.2979359154
2802,519155.30392739485
2803,545395.0388505938
2804,344607.77752467187
2805,2013954.2406909994
2806,510379.80370573536
2807,900613.1269247539
2808,484341.25530925614
2809,281137.5992599386
2810,639332.8980464623
2811,561551.2165200536
2812,444073.27492713125
2813,787975.6024254981
2814,462105.4716822779
2815,590226.053518899
2816,332547.1076353716
2817,883981.9871313022
2818,441605.89680897794
2819,505744.26937843725
2820,350011.4283739611
2821,419043.6583718239
2822,408327.8008582826
2823,565429.7062704907
2824,538175.0445680417
2825,469257.5415290266
2826,439888.8854051245
2827,339361.460690714
2828,491461.7132299583
2829,633646.0616766929
2830,552036.3690695582
2831,511533.9635456852
2832,370811.02644827927
2833,480963.6598284849
2834,875205.1343048462
2835,996077.0715588046
2836,519079.7646601319
2837,674477.1187808382
2838,717833.7337574648
2839,379306.61188931525
2840,692809.5515850894
2841,597529.4902062438
2842,387075.3417443434
2843,507194.0313711926
2844,331388.90734623035
2845,1393339.274341904
2846,503823.27587094024
2847,443744.8536448789
2848,354467.26433244854
2849,535415.3769882709
2850,690594.6882357339
2851,544170.4182133233
2852,894119.9891403762
2853,1079029.0184025697
2854,319781.1667354371
2855,353948.76185199106
2856,431567.51287684584
2857,615148.4852277354
2858,564750.096894406
2859,540664.9616979918
2860,280855.74267456675
2861,1294747.960072131
2862,347568.0163113459
2863,1288192.3172691
2864,432561.58404321346
2865,516115.4451620993
2866,653587.0499726426
2867,280423.7569315062
2868,337286.4024067976
2869,380905.1600193375
2870,1146033.3718484377
2871,308046.57289226796
2872,331462.6573890161
2873,401290.55619878974
2874,704919.7604216137
2875,1024984.5694675087
2876,448468.5328538619
2877,1504014.03319286
2878,477580.3569836938
2879,795895.1843526869
2880,593054.1442412207
2881,613201.8217990865
2882,509990.1707641557
2883,989050.6676800526
2884,466328.1436606961
2885,580618.6278278468
2886,284629.85666206514
2887,586394.1119255617
2888,506858.7348250545
2889,590410.8435204279
2890,590410.8435204279
2891,432011.8766056837
2892,252905.0521600134
2893,1217440.9192604423
2894,381137.1743454572
2895,409501.28592606494
2896,466783.67185829603
2897,553144.4235273626
2898,837134.4585778175
2899,266479.60499637283
2900,654281.3984043025
2901,405826.309647535
2902,601017.2853409615
2903,386547.3489133917
2904,572284.6713279315
2905,824867.029308666
2906,1048374.1367341246
2907,894117.1534374781
2908,419371.8812316642
2909,544015.8084265207
2910,573929.5350253545
2911,607258.8325139999
2912,775189.4691554616
2913,472343.80522845325
2914,821778.7607696874
2915,658220.000052382
2916,347711.03905569954
2917,445398.1176800551
2918,597023.1494461154
2919,604177.8922256735
2920,317896.0096443626
2921,252292.68544920883
2922,457142.3600723474
2923,566186.8057305302
2924,482630.7901754513
2925,861762.1848754963
2926,373222.6778139181
2927,422668.69558314426
2928,541367.2858325994
2929,239888.52127307706
2930,483405.68647329824
2931,538679.6074603029
2932,559923.6173005679
2933,1294264.7911840104
2934,795086.5879687247
2935,508699.37163793895
2936,414792.211967413
2937,501667.3799037424
2938,585573.2821750023
2939,507670.67797875893
2940,541037.4359662592
2941,556242.1467565484
2942,2518484.845096276
2943,618577.2542659286
2944,661963.0844757126
2945,559080.320725389
2946,700277.1231391731
2947,778880.56004229
2948,996204.16304758
2949,300407.8242833064
2950,612851.0644935628
2951,343041.30298619287
2952,279880.319771573
2953,1241333.4402190868
2954,553220.1791670007
2955,501230.3314151661
2956,1422164.6092233497
2957,467624.6140115037
2958,353681.46580210264
2959,682204.1728420848
2960,868447.8689282669
2961,769432.0833891272
2962,575065.4626419431
2963,369513.50129150075
2964,519019.43188081996
2965,333298.7010667664
2966,928737.2089089811
2967,693980.9806396018
2968,401162.2159894209
2969,334353.6505152426
2970,771344.0639348093
2971,581486.0258913495
2972,553540.1348319545
2973,472227.01942541916
2974,515236.3189135722
2975,537133.3190759677
2976,1629209.7237071216
2977,496438.58861487027
2978,279392.09378810297
2979,624168.6653137462
2980,360606.21593326936
2981,493077.99991587875
2982,386673.98624756257
2983,300748.12265894277
2984,1094481.4183937958
2985,306224.2161604977
2986,331938.0019031302
2987,754467.1332882943
2988,387560.87184220145
2989,843364.3384364452
2990,397342.3817792193
2991,259768.70265336812
2992,381156.5278439792
2993,325818.6707840355
2994,468216.10526781733
2995,310758.5242393987
2996,312377.89065255463
2997,367810.86027420737
2998,351918.1485606212
2999,987065.0859489506
3000,276820.10275110364
3001,392778.99267784227
3002,395426.05791318987
3003,279139.25092298386
3004,2711015.1709740083
3005,930982.2441553423
3006,329855.12800980796
3007,295679.21255263523
3008,444552.40365883417
3009,439556.0804841821
3010,424552.14359499456
3011,780759.4332256019
3012,517204.25446458516
3013,597064.503323249
3014,842454.9529286321
3015,633474.4652311077
3016,553633.8846893695
3017,522480.3804577611
3018,869674.6151560708
3019,357736.55236910534
3020,487577.721507915
3021,505372.94458196126
3022,334896.59830750775
3023,233557.12879009274
3024,388308.98391490686
3025,594225.4722628379
3026,550719.6680453221
3027,453649.0120574539
3028,343629.8713021163
3029,447412.64448614453
3030,254255.89030341772
3031,1185430.0854863964
3032,597656.0569681558
3033,303796.7418231693
3034,1794844.0259714294
3035,1875562.9900842623
3036,371240.6416023704
3037,315144.95092673745
3038,380636.3338079292
3039,354107.9652905514
3040,395726.5228152052
3041,532096.884859044
3042,294657.95892546885
3043,413834.30151727155
3044,402608.3357715784
3045,329735.82538864366
3046,553458.8689851103
3047,411595.23513122165
3048,362965.85194860667
3049,1250200.3174649987
3050,875204.2634711082
3051,1223158.8685731008
3052,741929.6216897538
3053,873335.7178468199
3054,1131835.2974389168
3055,326028.845331283
3056,358803.6041585738
3057,276350.5061201549
3058,673686.8401384025
3059,682868.5329544006
3060,483478.9500125808
3061,264852.2006982882
3062,309081.82866985456
3063,374684.39523755346
3064,523926.1699693142
3065,455514.5390589206
3066,913053.653400314
3067,504491.3913802853
3068,271298.84198455757
3069,364133.8054143564
3070,538704.9150216054
3071,435566.18970001774
3072,593394.5553804687
3073,347800.99199461326
3074,295667.5470750203
3075,617740.8340022779
3076,526677.9268602326
3077,693184.7224776293
3078,1188586.7170158064
3079,733999.7041887696
3080,707650.7314837795
3081,380338.70247936307
3082,595132.0326526782
3083,476683.6337456901
3084,580370.4462637494
3085,593210.5695217893
3086,659484.7244276715
3087,878767.4680193857
3088,509746.8880725492
3089,560355.196536311
3090,1277682.5891020277
3091,535944.3271069558
3092,484707.50819727534
3093,370721.9094261126
3094,282695.9330230012
3095,420516.91768739856
3096,563953.5430302388
3097,331742.30575285776
3098,425133.26450927585
3099,266475.6651633695
3100,707908.2014044373
3101,737632.9641673182
3102,343275.1148124253
3103,513801.4747765555
3104,215630.94891015964
3105,588815.0253475416
3106,483508.02898802544
3107,461396.85793282266
3108,382245.92677731276
3109,370053.89263280027
3110,373078.8406472103
3111,491255.6500661842
3112,341043.504533764
3113,546747.9527825745
3114,463475.96587736433
3115,332826.96492582525
3116,1126219.8653508176
3117,548354.2291738625
3118,401043.6897972754
3119,402637.6720189695
3120,729702.5017085217
3121,581339.9613537517
3122,511752.01876349363
3123,495194.44514067675
3124,560005.0682720758
3125,239752.63823720688
3126,578005.8888900431
3127,868431.9982788988
3128,571708.826123688
3129,531857.8321545031
3130,1134207.9953158796
3131,1196168.7517522785
3132,304082.4681312556
3133,469481.1827692675
3134,1104960.75457679
3135,972916.6867831034
3136,334727.15507616545
3137,789789.329037222
3138,684814.7525254922
3139,617143.9815530424
3140,343431.65657695563
3141,351724.2092057509
3142,665681.5077187985
3143,1183686.551229278
3144,398796.32282901066
3145,663966.2852135475
3146,481608.53174041637
3147,594179.8940837408
3148,417297.8366133549
3149,328029.7723811466
3150,4239028.8058873
3151,434950.55675953877
3152,486038.1407418471
3153,443549.21910210827
3154,424005.8502300925
3155,498050.29264216404
3156,431772.54855222057
3157,584549.2628790628
3158,344573.5095670918
3159,631381.8489181751
3160,720983.995818242
3161,1663477.8022074066
3162,524243.7139816233
3163,473116.7221697682
3164,745712.1422059382
3165,388790.63314910926
3166,494033.6288796583
3167,1267608.3476383851
3168,419596.38148974977
3169,2562837.4959255448
3170,514039.60824338987
3171,390906.01707624353
3172,377865.04598732246
3173,396584.6466830092
3174,611461.3915985973
3175,820300.3672966516
3176,750969.0509210555
3177,1042799.2312325768
3178,597070.9601331386
3179,378384.8697201634
3180,1635490.14303249
3181,400471.3007244005
3182,578236.4324186776
3183,522359.9968631902
3184,401474.4455319677
3185,519482.52020195825
3186,472468.31149055646
3187,597612.0234950111
3188,397798.77988845116
3189,497542.167320259
3190,411789.9392938361
3191,426661.56063147663
3192,495542.15028398286
3193,949799.9930510944
3194,465432.66423757357
3195,464862.89703057957
3196,649580.3225477528
3197,1167342.418613628
3198,1007429.8681324833
3199,375568.251240393
3200,610048.2020532351
3201,534447.6139815334
3202,816193.7475640558
3203,392211.00170920003
3204,428807.2040721782
3205,709202.0715669335
3206,544512.6930644143
3207,519118.7226473607
3208,909902.4346101686
3209,1194470.813835769
3210,940451.9810486108
3211,503940.10279362916
3212,376159.8373119925
3213,326658.1353132156
3214,560691.6289307299
3215,363495.72020739893
3216,253625.39720723729
3217,463856.5976188821
3218,385405.2330598524
3219,531979.0443557516
3220,686222.784140683
3221,324311.8933243146
3222,477961.6918220851
3223,516270.4592410316
3224,586057.0568259844
3225,482765.1384895471
3226,278588.2157109376
3227,1220396.2858615818
3228,498496.5658253199
3229,829261.7243291419
3230,526468.1524879895
3231,504789.27944314555
3232,502094.0448966648
3233,528498.4878436063
3234,448090.09239480377
3235,624721.5015441963
3236,1708542.438757543
3237,551365.6324173026
3238,554886.2430818607
3239,894307.204142572
3240,588078.9209795459
3241,345362.834295567
3242,261469.56481608533
3243,940976.6659918096
3244,1410733.0061077422
3245,441747.1724459572
3246,234392.3314871987
3247,342504.062462722
3248,269727.6378298077
3249,438651.97628143925
3250,355494.2220241377
3251,777907.7930114836
3252,442731.62521517184
3253,580189.2894229447
3254,506065.96510485193
3255,492468.30004006426
3256,448877.7282411302
3257,375422.218783753
3258,656484.6010657185
3259,311127.3355331757
3260,523877.1975780026
3261,261786.98766955602
3262,351867.1162838478
3263,519625.0242632841
3264,374850.48592526413
3265,483589.86016031384
3266,276291.90050473786
3267,597117.4138639937
3268,356937.1454982793
3269,921605.6691062901
3270,378721.05286595103
3271,441377.078038105
3272,1939682.3826437462
3273,512099.24964130565
3274,391722.5906016039
3275,399371.8787162799
3276,639359.0800818419
3277,503356.5530426621
3278,1225319.8996035482
3279,628836.2651457135
3280,489566.7294215037
3281,430660.27535148617
3282,275612.5520518101
3283,307559.13107986585
3284,457410.4427944953
3285,451318.37580301653
3286,727153.5310830085
3287,1626206.656655883
3288,237545.6829436556
3289,333903.66663522855
3290,307390.057974557
3291,375830.76928819873
3292,824683.536097056
3293,488938.0258364662
3294,592755.5286545373
3295,688319.434733789
3296,786117.7230390861
3297,501308.6594784536
3298,456302.6834946778
3299,440220.7005685437
3300,259076.03954687843
3301,1159855.3703058441
3302,912019.1989586481
3303,556240.5088826761
3304,395309.1537734565
3305,770721.7314182034
3306,486608.1060593289
3307,342609.5684984543
3308,475406.3547350935
3309,443130.3537356366
3310,452672.4064506346
3311,578800.1359394668
3312,360401.6737436696
3313,252762.5189607905
3314,297487.5275671229
3315,317520.72975992644
3316,1036809.0774208334
3317,894564.1535812756
3318,762847.895511033
3319,377562.1384164857
3320,579482.2910796482
3321,321497.3431422675
3322,321497.3431422675
3323,364669.8154257392
3324,341319.88074255385
3325,342459.465810957
3326,282224.4780741696
3327,589502.4021471891
3328,889769.6860827553
3329,946845.1113190652
3330,485058.86283120705
3331,715879.5851759099
3332,1476527.4053211361
3333,514590.48691203864
3334,1050421.4126941457
3335,477382.4844741547
3336,368526.124770131
3337,397136.51547699113
3338,363251.8758160909
3339,235264.2072471603
3340,396004.18880334694
3341,675996.191350218
3342,476180.17378891824
3343,465047.1743610177
3344,819621.2398514663
3345,295272.3139112956
3346,336578.13620810414
3347,239674.2617589414
3348,515920.50475149683
3349,860370.0739538181
3350,378384.676200704
3351,515769.8694851101
3352,641343.7538143084
3353,440326.4410252616
3354,675336.5961620994
3355,459686.27969549625
3356,514088.56553882593
3357,404089.93189325265
3358,516269.74211123434
3359,543593.7875701722
3360,721070.0544839242
3361,400736.34917952074
3362,417921.17319006386
3363,361382.93734089826
3364,808365.35918622
3365,539716.3875945172
3366,450096.77625540283
3367,601037.08043222
3368,370243.3016544494
3369,344357.61814633466
3370,1042145.038243256
3371,497062.6716743964
3372,324277.5779051266
3373,2333092.4564418034
3374,440847.8982910391
3375,761934.6372161282
3376,474175.2533510627
3377,387682.16584219126
3378,499420.5424653943
3379,499420.5424653943
3380,333493.69409425225
3381,370057.90870546945
3382,495503.59358375304
3383,1047350.4313220424
3384,590557.9371436166
3385,943898.479938414
3386,253097.88572188883
3387,369513.50129150075
3388,823538.558739748
3389,253732.79702499066
3390,912150.8578883049
3391,923373.5876652442
3392,376809.1639471099
3393,478468.3562331345
3394,804529.0936135907
3395,253151.47433597827
3396,442290.393986498
3397,409044.20341760863
3398,264753.767619592
3399,327196.04813824786
3400,551287.8371787516
3401,476535.1695283742
3402,584525.7340337643
3403,584763.7904766812
3404,478094.18604301574
3405,508042.81931419374
3406,367629.0994064253
3407,521390.9988300245
3408,267618.3035733679
3409,589670.5299966052
3410,473087.99388447416
3411,309431.57893350447
3412,1225269.1007122884
3413,488974.887131356
3414,452522.28981893364
3415,333099.4431662423
3416,441165.16746284853
3417,281212.89997936186
3418,383892.19340510713
3419,345905.21103255125
3420,538358.0024032969
3421,546077.6999514134
3422,600048.4602562487
3423,296061.3606128131
3424,531848.0052814437
3425,462406.92560724134
3426,288218.64683607273
3427,482228.5558019852
3428,476267.3876897367
3429,317353.8982436502
3430,500623.6140488285
3431,752726.1553197713
3432,484967.0268205756
3433,521273.01898299577
3434,477916.5982026681
3435,650177.2741309025
3436,407509.7223079684
3437,338991.54866671644
3438,1200605.6673867453
3439,563877.0947802524
3440,350951.2283277878
3441,514345.2691059412
3442,552286.9729015777
3443,365585.9456200468
3444,342055.219296888
3445,263452.0171588126
3446,369767.19354225055
3447,1395379.958386754
3448,548410.6066635122
3449,519522.25046328356
3450,293667.55087481573
3451,575938.421821471
3452,375959.5591875975
3453,341205.8797795073
3454,539296.3506616249
3455,333723.6181565665
3456,347062.41277082154
3457,439195.6636015606
3458,320221.8718451972
3459,364237.4649541533
3460,899110.4689624037
3461,290726.1518507228
3462,628536.5212637772
3463,674263.5556395812
3464,806909.3497696735
3465,329160.6738526109
3466,323088.0312174692
3467,369623.2785343481
3468,261348.36280617543
3469,949948.4678680664
3470,742588.574878897
3471,1255460.0260753294
3472,469425.59007497964
3473,279827.5985830678
3474,599970.6057329666
3475,516138.7285027843
3476,2102456.2302237195
3477,375139.80411011534
3478,893506.6150106877
3479,563216.2284924446
3480,635374.0909281602
3481,528916.8761095878
3482,367359.7612374421
3483,372982.1686856641
3484,687251.177974549
3485,755930.44273165
3486,242437.4273275356
3487,491735.68159789767
3488,319110.90452328935
3489,319110.90452328935
3490,377691.1457411776
3491,643937.165625901
3492,504744.71116296
3493,585513.7635137553
3494,437626.0045248085
3495,455127.0635413941
3496,528734.6492338394
3497,451113.1274042552
3498,558467.7670025609
3499,342723.396030725
3500,726150.8799229566
3501,629068.069777977
3502,588831.2504390972
3503,667454.7978484768
3504,451969.26406819967
3505,260538.5842707682
3506,364228.7387576369
3507,520189.172600329
3508,331838.00361381937
3509,400387.2803713818
3510,519654.01971879415
3511,364697.4769345327
3512,558750.1174818785
3513,414998.5039009352
3514,504438.32440234255
3515,315753.60084161797
3516,359400.97549467953
3517,305093.76730543084
3518,959504.5124027035
3519,335946.8856419073
3520,534566.304423229
3521,369653.4004679774
3522,1141579.8785739273
3523,301606.97468689206
3524,581952.656460823
3525,907608.0322792203
3526,510548.00370894454
3527,1073415.0195158445
3528,340563.35266253905
3529,518325.7488807258
3530,769026.4638777276
3531,753182.3616996361
3532,1495786.6060218527
3533,1104766.7004835617
3534,374684.39523755346
3535,459532.5909533516
3536,335145.0553042294
3537,802720.3381357514
3538,402522.2769276349
3539,1932937.2495033867
3540,503795.43331746326
3541,331648.15097439254
3542,300990.6341031125
3543,372766.62944941135
3544,497439.84405276575
3545,382526.56236103666
3546,642176.2584104356
3547,1843720.3780280598
3548,275831.8630906072
3549,699991.082642646
3550,1153593.1614721157
3551,522169.6770258724
3552,984314.2198700448
3553,644349.5358753102
3554,455097.1362039181
3555,485834.3645977832
3556,494589.4249151062
3557,291445.9433695735
3558,260794.19755498882
3559,388052.06272681005
3560,344354.2094342022
3561,925498.8949050535
3562,362998.69524099486
3563,747676.7344020362
3564,438285.9411680407
3565,323938.83868043736
3566,499641.57139388425
3567,414921.7086260058
3568,460765.20485376834
3569,590508.4724216415
3570,619428.1820848717
3571,355417.7680979156
3572,506648.7173219049
3573,1124357.9038717223
3574,843742.2600742357
3575,784293.4370244277
3576,255741.47992386238
3577,449922.6978741452
3578,400548.71630142507
3579,515503.4318090442
3580,827000.394595569
3581,982599.1798339458
3582,394169.9513696565
3583,756603.4788542399
3584,538768.1646891286
3585,306581.147671679
3586,463201.8073611795
3587,291543.85420872655
3588,327886.42393947276
3589,538623.1786357125
3590,586041.3584676969
3591,745728.0140710975
3592,470533.42148035154
3593,288086.40602724475
3594,574425.5162655081
3595,368867.2007507916
3596,328069.5342957854
3597,474598.0141524452
3598,398350.08240812755
3599,518651.27889868
3600,520049.1574078618
3601,891039.6900172315
3602,483463.84829991765
3603,682332.7784631979
3604,833108.8136561658
3605,266549.26514465874
3606,1785839.8208953976
3607,883719.8239191049
3608,353872.9127408884
3609,344983.75594824273
3610,403391.92106870096
3611,878640.4430644646
3612,318177.9425337786
3613,572512.1896147599
3614,544069.7620597846
3615,246115.55014967755
3616,341311.8495060308
3617,319183.93693518
3618,518780.2359436073
3619,305583.66148716817
3620,528233.5842149885
3621,350477.9349989734
3622,340820.05167303147
3623,523055.48331312224
3624,308280.4038097649
3625,612247.5834509988
3626,621968.1047148394
3627,458200.14890245086
3628,326195.09351488337
3629,1496186.8567080705
3630,967889.6545483607
3631,526468.1524879895
3632,1483982.9384784314
3633,385083.31974052964
3634,262690.07044114504
3635,661092.1959601917
3636,615018.5937448998
3637,350447.5829395481
3638,702327.4203150505
3639,542430.1774873489
3640,333047.0063404215
3641,270049.23299480125
3642,1072603.0738831405
3643,812304.1977115211
3644,601643.0415992882
3645,359081.731931811
3646,537872.7134550173
3647,555897.2433176901
3648,969780.3941519542
3649,528611.8384575868
3650,485491.1055872002
3651,428100.2596784484
3652,347959.5634350195
3653,819088.8092914668
3654,776717.4199461506
3655,261899.85742375042
3656,494005.30028450827
3657,544700.2538666393
3658,423582.413153837
3659,637348.3209072459
3660,752641.2843529369
3661,466976.4831495111
3662,414856.06414986664
3663,524428.1998405965
3664,438602.3212214572
3665,611958.4596926111
3666,396228.6135152305
3667,284423.3499435674
3668,401547.0481283008
3669,516196.4148447636
3670,442418.69721660996
3671,151618.165419816
3672,414433.1637615259
3673,542396.2971469101
3674,356731.09660488274
3675,1188124.6708765773
3676,831197.7816206253
3677,378127.9054043802
3678,191017.1935638309
3679,476948.6886752514
3680,485624.14232169796
3681,367639.8520679308
3682,1462982.529645553
3683,675707.9398226616
3684,895927.9533227186
3685,534107.6393594288
3686,268710.8504762579
3687,324303.2140386135
3688,355817.21218619554
3689,539795.996202674
3690,701951.4187129239
3691,1003055.4696631981
3692,278766.3738371264
3693,402012.8127778798
3694,323511.2612525582
3695,441599.66998831823
3696,427540.1814309396
3697,971161.8868932307
3698,533257.8403611486
3699,482914.9446753541
3700,860481.1413248781
3701,481064.35217181063
3702,563884.3514303905
3703,549187.9198230586
3704,401042.98271001683
3705,1436056.3209015897
3706,714531.9424801426
3707,706502.5654919464
3708,307980.890197713
3709,485256.93189465394
3710,727799.442715077
3711,461735.3679454554
3712,509944.51731222984
3713,373350.4454190247
3714,369470.0764351028
3715,378495.3920492422
3716,517939.26736150327
3717,621585.5229176072
3718,924236.7380893648
3719,484084.3955357505
3720,602277.0109380234
3721,544227.048756224
3722,879604.190097041
3723,286941.2696062002
3724,341453.447633543
3725,378143.62265344604
3726,619622.2876180673
3727,308750.7940666231
3728,425503.7053392194
3729,495531.20241683786
3730,382097.209374793
3731,556644.1577447938
3732,338161.9076301274
3733,1103999.8259723969
3734,688075.9304503355
3735,425411.0565813003
3736,470716.702275276
3737,279653.11394669977
3738,296119.955862989
3739,728148.3090954699
3740,464956.7384670641
3741,464160.788283019
3742,1154133.6514497772
3743,601969.8246346958
3744,599988.2925404591
3745,666261.0642336423
3746,297236.3745850218
3747,366066.72081366956
3748,542534.8011985291
3749,2962481.8239011653
3750,351564.63562167395
3751,265893.7034339573
3752,364252.77651209227
3753,436718.4573937017
3754,437673.2396733365
3755,371631.45940998656
3756,366511.91758293903
3757,507061.71302562417
3758,501679.42164125293
3759,2381062.3988410323
3760,504632.37336081784
3761,927561.780985343
3762,651719.1698901617
3763,453273.5824586382
3764,430426.67595432146
3765,280404.2758611737
3766,1101038.1121081046
3767,342915.15202983975
3768,438407.51713607693
3769,666238.4776553051
3770,360102.15803281975
3771,684688.4574010965
3772,459055.7280124361
3773,716354.48284183
3774,373413.70540634874
3775,696779.9420278554
3776,358386.12870521785
3777,348135.04756012926
3778,394679.7720092236
3779,272849.6007338986
3780,764711.8150695905
3781,635306.1516989025
3782,528645.5944156072
3783,534548.4818963844
3784,624282.4590640827
3785,502206.7683798004
3786,486291.979111185
3787,333147.73439816036
3788,294710.0512390643
3789,365333.79670530045
3790,373614.80666177906
3791,879955.0995346035
3792,481086.14181100455
3793,649062.5986403192
3794,737552.3709555723
3795,361049.5706194953
3796,209042.9232662761
3797,490882.1792389234
3798,355787.5726674229
3799,701342.8970363117
3800,587200.3332075983
3801,287407.48248829256
3802,275976.1656554494
3803,466575.2916068352
3804,263816.14772452356
3805,439292.1740579582
3806,860908.2613799144
3807,721625.4645477468
3808,401488.24410458736
3809,685233.7318752772
3810,462922.6148599087
3811,538887.7107746103
3812,672791.0793254158
3813,786938.8591711164
3814,1083036.8551290957
3815,378119.2002604839
3816,315215.561119019
3817,411196.5188314855
3818,350951.2283277878
3819,460237.0558341418
3820,512481.8490759858
3821,601246.3871755203
3822,355817.8325163948
3823,990758.2832233716
3824,436939.30576150445
3825,545321.0688506635
3826,323781.2670344106
3827,703542.2002090637
3828,755913.1229205627
3829,844996.7549048547
3830,491028.40859772183
3831,515331.6487861213
3832,534897.8655207802
3833,270168.1946885389
3834,589418.1273875687
3835,597509.2370281885
3836,433931.6427383409
3837,745566.0155162599
3838,284509.0996138336
3839,426109.1753058509
3840,556779.4377722708
3841,318714.57333931513
3842,548864.9029712991
3843,326438.64394727006
3844,403564.2849816018
3845,478115.7975526666
3846,335187.89628639765
3847,377074.1472416108
3848,267499.4817874707
3849,230897.22807706817
3850,1168077.13870847
3851,717490.5034149869
3852,705029.5651118974
3853,863237.7066488736
3854,739032.9850802856
3855,545456.7298293206
3856,591934.5407791794
3857,1812604.1315524243
3858,1151610.9770286635
3859,1308353.629762053
3860,275511.9190504452
3861,388910.8784451355
3862,616204.9211415894
3863,1083513.151971286
3864,365001.1540417026
3865,398086.37610798655
3866,586726.2329214301
3867,974864.1969948536
3868,521277.8042828533
3869,436431.66790871223
3870,520589.16690747964
3871,964002.737328524
3872,751181.6617194546
3873,294198.51751516265
3874,553513.7514851574
3875,1341434.5852683806
3876,214822.6223131003
3877,626603.3426132589
3878,905948.9051276866
3879,263545.92345616623
3880,773564.5579890711
3881,620117.0432773449
3882,713443.4242510372
3883,527714.5249813126
3884,828029.1933645734
3885,681195.3238009982
3886,494768.0130822381
3887,895595.2669579006
3888,725235.9373215695
3889,357254.9338480036
3890,717420.7646261174
3891,253642.10137807654
3892,404977.6807013543
3893,514761.43240765156
3894,311018.4472073583
3895,580233.543355482
3896,347677.57694641163
3897,508018.73768754094
3898,488777.17770173424
3899,499693.60840081674
3900,526954.9809512198
3901,536755.3067966428
3902,602194.3140785414
3903,346369.0612587973
3904,442961.7202540194
3905,813254.7743204036
3906,423473.6851485863
3907,345546.01922927226
3908,535854.7602250004
3909,618048.0903694432
3910,1532208.9000630912
3911,417261.4937553155
3912,488968.8241020323
3913,757174.1421298314
3914,577706.2077928056
3915,407474.7216498265
3916,601075.5434376876
3917,968721.164017297
3918,412739.2289498481
3919,508746.9375422538
3920,341781.0822911907
3921,592927.99223086
3922,827218.745569674
3923,549633.0452724014
3924,286061.213567256
3925,463343.6015247235
3926,402038.346921625
3927,416678.77751402324
3928,911007.9743696166
3929,470901.18282583094
3930,259271.30111547004
3931,420867.4524333485
3932,526578.9192055159
3933,520083.77123627166
3934,512099.24964130565
3935,368549.12426857726
3936,938988.4350600982
3937,389026.7742291987
3938,396049.80453351716
3939,442084.2250902593
3940,369905.63063763775
3941,293612.3170545959
3942,399390.06543826975
3943,651592.0740572535
3944,620384.2975418357
3945,363640.0275706603
3946,832258.4516113026
3947,238703.4104199003
3948,326571.3852084331
3949,628451.0200178953
3950,442845.0137503528
3951,434235.1966699856
3952,628241.918621041
3953,530206.2320605787
3954,343364.9205460361
3955,556463.3759922904
3956,520383.3081597826
3957,712644.6493875184
3958,481136.0662586095
3959,426991.56933439546
3960,492339.1151736958
3961,288689.44700502866
3962,608856.8698910093
3963,903787.3334785526
3964,438734.8665027899
3965,253098.13858846502
3966,523990.88571074087
3967,1663446.1403692057
3968,487016.73655304365
3969,559779.0148075469
3970,879889.7602690322
3971,579475.1652751764
3972,339174.38082554983
3973,489027.0697913512
3974,515182.1756859851
3975,388283.9207692627
3976,373590.6442087242
3977,438631.26425298664
3978,418723.11531350465
3979,359144.95919776004
3980,359529.8612365925
3981,377837.8523163354
3982,729679.7405131088
3983,579453.4481682748
3984,873248.3396276066
3985,308401.92662508227
3986,453811.0353402348
3987,340291.84893400874
3988,322009.398868002
3989,752585.7106606793
3990,471344.0947407073
3991,598719.3503935524
3992,1226627.0010887913
3993,591915.4724360635
3994,309075.6052113172
3995,295202.6310889582
3996,517910.9121754618
3997,614036.0296620782
3998,426055.73393385985
3999,489413.89443976403
4000,471562.4455850305
4001,312749.9332175299
4002,336747.8838163365
4003,741649.520132835
4004,256537.04241645752
4005,426421.85655335005
4006,489704.5548076526
4007,470084.76183590246
4008,380528.7652202315
4009,495039.8323567048
4010,574012.6394180347
4011,529257.3494745268
4012,276805.7134829307
4013,727483.3415553904
4014,503353.89362501435
4015,580146.0175768505
4016,351812.3418513472
4017,552355.02100923
4018,488656.2989123362
4019,1839566.4971839888
4020,517851.78407596704
4021,463265.4864152577
4022,577323.1977932624
4023,485539.89929534565
4024,377864.8212455851
4025,1424136.1400705543
4026,712216.0913160299
4027,613974.4922254267
4028,403982.38199783454
4029,493367.13524128724
4030,1445398.9851195796
4031,817161.4523629431
4032,937057.7186955266
4033,370303.8227601912
4034,664153.5600533468
4035,428067.26956002356
4036,509196.0837954482
4037,946670.5740633872
4038,516844.5772533428
4039,624557.1407301738
4040,324546.1073369527
4041,354895.2540581552
4042,2028814.638448976
4043,352809.3561856844
4044,416890.0691780996
4045,500957.58537751355
4046,481469.77710737195
4047,466662.7255667112
4048,465623.4548296868
4049,396107.35083867266
4050,769903.7837969433
4051,540514.0560390431
4052,430977.0388123063
4053,2281557.904121997
4054,572720.2515250671
4055,688089.1516449451
4056,355601.7666586992
4057,529186.5115218353
4058,412224.5355752851
4059,787156.3137074552
4060,336743.4138203326
4061,516562.7018534383
4062,640214.5047678859
4063,436722.47468603094
4064,990307.6824662506
4065,385479.62664829363
4066,754922.8932541766
4067,479757.8613611327
4068,767115.930774163
4069,249136.79700577285
4070,654995.001130274
4071,423859.84068154544
4072,410010.3291422745
4073,484994.20367526653
4074,344512.9404938115
4075,369194.75041704753
4076,608861.4589120676
4077,1818412.944057345
4078,438275.0668688394
4079,507523.509234904
4080,415921.10869349976
4081,1566690.0080124547
4082,381607.5308537224
4083,547741.0490317183
4084,1068599.146701738
4085,399630.38284689025
4086,396661.4019404715
4087,410528.64537941595
4088,459825.49691232404
4089,476166.5645892789
4090,403133.6066440179
4091,508293.99674275384
4092,1500819.7058595298
4093,568793.4677203746
4094,395742.25187369605
4095,245884.32963252912
4096,284485.0340465467
4097,327579.0366203506
4098,409964.3103175166
4099,333977.1578176092
4100,287429.9646123036
4101,313493.40065194515
4102,354379.7024843804
4103,1048268.3526970263
4104,688677.7039676295
4105,643496.6126312045
4106,439600.1221410986
4107,362475.7951733114
4108,768966.1749763242
4109,294067.38084592624
4110,524493.0038534718
4111,403524.16632238205
4112,666191.109659477
4113,363754.93788807956
4114,430986.76358568115
4115,485249.1470770955
4116,308542.3359215837
4117,448005.9130089599
4118,352919.87846464274
4119,841620.1435427023
4120,348594.3726323886
4121,313417.00865968
4122,782620.9709106575
4123,696203.3919170613
4124,363071.1353837061
4125,515322.062260957
4126,571154.3900174105
4127,760265.3495789582
4128,609777.3260705166
4129,277128.8101263786
4130,498069.36584159796
4131,506325.52137598465
4132,521196.35704863933
4133,1091087.0388360168
4134,846545.4039810697
4135,1173841.4003075464
4136,384037.0575362162
4137,452532.92646280874
4138,334894.9921807203
4139,488167.3593709349
4140,634620.1061489488
4141,661433.4590130327
4142,518811.9784330538
4143,543699.9369143978
4144,482700.27883521037
4145,372802.64877706696
4146,440801.7956836278
4147,562497.8957598287
4148,450008.75384483574
4149,470484.4057784629
4150,959929.5210419232
4151,469777.5308753868
4152,369714.640471544
4153,518084.68415861664
4154,447205.38953020994
4155,413024.1771365926
4156,408695.75480126595
4157,374821.0672337087
4158,646343.7391455837
4159,654147.9846568767
4160,253944.95224923606
4161,311815.24869476503
4162,446386.2824168768
4163,476996.735871671
4164,513597.60731459997
4165,454457.7771190778
4166,524637.0772642028
4167,681957.3105502393
4168,480054.08980680327
4169,1012121.4541009177
4170,541151.0194653715
4171,519854.1831005851
4172,328755.1427137735
4173,405886.2148749791
4174,778375.2550863958
4175,532784.8156899221
4176,1953342.4831371903
4177,590353.7629379757
4178,970682.2492051668
4179,218230.76877403737
4180,578492.5159593209
4181,464285.62439901265
4182,1737712.073142749
4183,369234.1439058836
4184,329965.3174419678
4185,573328.2058325944
4186,984520.3377685109
4187,610933.8872937558
4188,336621.8998816027
4189,465838.764687261
4190,428944.4199124404
4191,579576.7845570522
4192,550345.5382539051
4193,728835.4309353214
4194,1570455.967384059
4195,1571708.569933361
4196,574869.1465451729
4197,792026.6250506978
4198,441597.3349271549
4199,448557.7810870901
4200,401835.34168122424
4201,418462.11239630776
4202,444659.1702665676
4203,1037966.3339609486
4204,572119.7971035342
4205,790927.2075490934
4206,358094.43777766754
4207,559968.6464576041
4208,1055976.8094307007
4209,430814.9895729165
4210,1096420.4437144333
4211,571493.0622104014
4212,549573.4353576736
4213,670615.6361949446
4214,1155876.7639346719
4215,2093317.8642642153
4216,477610.10321123176
4217,535300.7418065832
4218,588518.9198028136
4219,512418.9366332741
4220,404788.7457923673
4221,428372.71583176625
4222,518175.14920857345
4223,1863861.6393511607
4224,939494.5808672219
4225,510598.65474091587
4226,479620.86685689347
4227,535301.6853656193
4228,337134.46419254655
4229,1632359.4767363297
4230,1359783.5428578914
4231,437063.8556350163
4232,494406.0936784172
4233,1010533.0243455814
4234,1521628.2352534304
4235,249847.34759597384
4236,516213.47461485263
4237,573543.1781892815
4238,715623.7924676278
4239,2257678.803543166
4240,415709.75693018484
4241,1224448.1305550432
4242,810755.0311693595
4243,653891.0894468379
4244,310213.9614273696
4245,347564.65512791934
4246,368688.88984725496
4247,433314.733547531
4248,390195.1572610692
4249,1391893.6613316126
4250,398828.5402883375
4251,560035.9655956418
4252,475153.7242811607
4253,507979.1529147079
4254,386378.12904228567
4255,566714.3033266349
4256,395593.6513518071
4257,701338.12996529
4258,358998.7437897647
4259,275474.3228803838
4260,1322743.535750988
4261,561488.4370291727
4262,275204.77851876273
4263,333417.6743462093
4264,553951.6916233402
4265,499493.50360641
4266,648022.0849925502
4267,611249.8665731673
4268,354249.15561291407
4269,599752.0956723923
4270,879459.8970538918
4271,464289.52734642173
4272,370459.33306006924
4273,572408.6327630252
4274,330189.5513907729
4275,693489.1187659943
4276,580218.1779107837
4277,1389030.011087785
4278,441605.1184571202
4279,349832.5423410552
4280,533401.939157873
4281,313444.9647014457
4282,673743.682908067
4283,598127.447303347
4284,400977.01988343534
4285,2643531.081950856
4286,529127.9304118733
4287,388048.34069920017
4288,715760.9882392064
4289,560081.1303591809
4290,560081.1303591809
4291,524051.5202311647
4292,519179.09084834304
4293,445131.151480025
4294,279925.4256196901
4295,537292.3597309941
4296,410872.74667424784
4297,464148.66371945443
4298,382624.73082150926
4299,1473810.5456556538
4300,397529.93813856266
4301,488619.5226048521
4302,899982.6201646838
4303,364798.7595008171
4304,553408.4239977119
4305,687710.0061347672
4306,1126501.9660181818
4307,399520.2348426224
4308,1004039.9193936172
4309,2023172.4061152926
4310,405419.83702712134
4311,241473.72061074848
4312,459934.2668605077
4313,403987.76312310563
4314,472755.1829290541
4315,889399.002710011
4316,492668.77554169565
4317,534537.6915888407
4318,413829.4897808424
4319,388767.6634868349
4320,399512.0686029479
4321,387970.16831612826
